timestamp,sensor_id,w,x,y,z
17:06:24.151958,1,1.0,-0.0,0.0,-0.0
17:06:24.151958,2,1.0,0.0,-0.0,-0.01
17:06:30.908409,1,1.0,0.0,0.0,-0.0
17:06:30.917007,2,1.0,0.0,0.0,-0.0
17:06:30.974496,1,1.0,0.0,0.0,-0.0
17:06:30.986325,2,1.0,0.0,0.0,-0.0
17:06:31.043959,1,1.0,0.0,0.0,-0.0
17:06:31.055779,2,1.0,0.0,0.0,-0.0
17:06:31.113248,1,1.0,0.0,0.0,-0.0
17:06:31.182707,1,1.0,0.0,0.0,-0.0
17:06:31.617231,2,1.0,0.0,0.0,-0.0
17:06:31.674799,1,1.0,0.0,0.0,-0.0
17:06:31.686669,2,1.0,0.0,0.0,-0.0
17:06:31.744529,1,1.0,0.0,0.0,-0.0
17:06:31.756523,2,1.0,0.0,0.0,-0.0
17:06:31.813964,1,1.0,0.0,0.0,-0.0
17:06:31.825696,2,1.0,0.0,0.0,-0.0
17:06:31.883358,1,1.0,0.0,0.0,-0.0
17:06:31.895529,2,1.0,0.0,0.0,-0.0
17:06:31.952839,1,1.0,0.0,0.0,-0.0
17:06:31.965803,2,1.0,0.0,0.0,-0.0
17:06:32.023276,1,1.0,0.0,0.0,-0.0
17:06:32.035216,2,1.0,0.0,0.0,-0.0
17:06:32.514094,1,1.0,0.0,0.0,-0.0
17:06:32.526915,2,1.0,0.0,0.0,-0.0
17:06:32.584279,1,1.0,0.0,0.0,-0.0
17:06:32.596155,2,1.0,0.0,0.0,-0.0
17:06:32.653941,1,1.0,0.0,0.0,-0.0
17:06:32.665731,2,1.0,0.0,0.0,-0.0
17:06:32.723192,1,1.0,0.0,0.0,-0.0
17:06:32.734966,2,1.0,0.0,0.0,-0.0
17:06:32.792961,1,1.0,0.0,0.0,-0.0
17:06:32.805132,2,1.0,0.0,0.0,-0.0
17:06:32.862000,1,1.0,0.0,0.0,-0.0
17:06:32.874957,2,1.0,0.0,0.0,-0.0
17:06:32.943964,2,1.0,0.0,0.0,-0.0
17:06:33.354302,1,1.0,0.0,0.0,-0.0
17:06:33.423559,1,1.0,0.0,0.0,-0.0
17:06:33.493300,1,1.0,0.0,0.0,-0.0
17:06:33.505411,2,1.0,0.0,0.0,-0.0
17:06:33.562932,1,1.0,0.0,0.0,-0.0
17:06:33.574711,2,1.0,0.0,0.0,-0.0
17:06:33.632458,1,1.0,0.0,0.0,-0.0
17:06:33.644471,2,1.0,0.0,0.0,-0.0
17:06:33.702479,1,1.0,0.0,0.0,-0.0
17:06:33.714325,2,1.0,0.0,0.0,-0.0
17:06:33.784477,2,1.0,0.0,0.0,-0.0
17:06:33.854217,2,1.0,0.0,0.0,-0.0
17:06:33.922971,2,1.0,0.0,0.0,-0.0
17:06:34.194012,1,1.0,-0.02,-0.0,-0.01
17:06:34.263539,1,1.0,-0.04,-0.01,-0.01
17:06:34.332846,1,1.0,-0.07,-0.01,-0.02
17:06:34.402860,1,0.99,-0.1,-0.01,-0.02
17:06:34.414622,2,0.99,0.14,-0.01,-0.0
17:06:34.471915,1,0.99,-0.12,-0.01,-0.02
17:06:34.484805,2,0.99,0.14,-0.01,-0.0
17:06:34.542496,1,0.99,-0.12,-0.01,-0.0
17:06:34.553887,2,0.99,0.14,-0.01,0.0
17:06:34.623241,2,0.99,0.13,-0.01,0.01
17:06:34.693220,2,0.99,0.13,-0.01,0.01
17:06:34.763163,2,0.99,0.11,-0.01,0.02
17:06:34.833215,2,0.99,0.1,-0.0,0.0
17:06:34.902538,2,1.0,0.09,0.0,0.0
17:06:35.033747,1,1.0,-0.07,-0.02,-0.03
17:06:35.102941,1,1.0,-0.06,-0.02,-0.03
17:06:35.172989,1,1.0,-0.06,-0.01,-0.04
17:06:35.242354,1,1.0,-0.05,-0.01,-0.04
17:06:35.312082,1,1.0,-0.04,-0.01,-0.04
17:06:35.323834,2,1.0,0.03,0.01,0.03
17:06:35.381480,1,1.0,-0.03,-0.01,-0.0
17:06:35.393518,2,1.0,0.02,0.01,0.04
17:06:35.463323,2,1.0,0.0,0.01,0.04
17:06:35.532869,2,1.0,-0.01,0.01,0.04
17:06:35.603189,2,1.0,-0.02,0.01,0.04
17:06:35.671981,2,1.0,-0.03,0.01,0.04
17:06:35.741843,2,1.0,-0.04,0.01,0.04
17:06:35.811962,2,1.0,-0.05,0.01,0.0
17:06:35.872838,1,1.0,0.02,0.01,-0.05
17:06:35.942472,1,1.0,0.02,0.01,-0.05
17:06:36.012702,1,1.0,0.03,0.02,-0.05
17:06:36.081717,1,1.0,0.04,0.02,-0.05
17:06:36.151054,1,1.0,0.05,0.02,-0.05
17:06:36.221627,1,1.0,0.05,0.02,-0.05
17:06:36.291200,1,1.0,0.06,0.02,-0.0
17:06:36.303290,2,0.99,-0.1,0.01,0.05
17:06:36.372701,2,0.99,-0.11,0.01,0.05
17:06:36.442537,2,0.99,-0.11,0.02,0.05
17:06:36.511641,2,0.99,-0.12,0.02,0.05
17:06:36.582161,2,0.99,-0.13,0.02,0.05
17:06:36.651765,2,0.99,-0.13,0.02,0.05
17:06:36.712912,1,0.99,0.09,0.03,-0.06
17:06:36.720622,2,0.99,-0.14,0.02,0.0
17:06:36.782390,1,0.99,0.1,0.03,-0.06
17:06:36.851701,1,0.99,0.1,0.03,-0.06
17:06:36.921258,1,0.99,0.11,0.04,-0.06
17:06:36.990873,1,0.99,0.11,0.04,-0.06
17:06:37.061306,1,0.99,0.12,0.04,-0.06
17:06:37.130809,1,0.99,0.12,0.04,-0.0
17:06:37.212951,2,0.98,-0.17,0.02,0.05
17:06:37.282349,2,0.98,-0.17,0.02,0.05
17:06:37.351894,2,0.98,-0.17,0.02,0.05
17:06:37.421415,2,0.98,-0.18,0.02,0.06
17:06:37.490977,2,0.98,-0.18,0.02,0.06
17:06:37.552434,1,0.99,0.14,0.04,-0.06
17:06:37.561184,2,0.98,-0.18,0.02,0.06
17:06:37.622082,1,0.99,0.15,0.04,-0.06
17:06:37.629757,2,0.98,-0.19,0.02,0.0
17:06:37.691681,1,0.99,0.14,0.04,-0.06
17:06:37.761606,1,0.99,0.15,0.04,-0.06
17:06:37.831047,1,0.99,0.15,0.04,-0.06
17:06:37.900600,1,0.99,0.15,0.04,-0.06
17:06:37.969980,1,0.99,0.16,0.04,-0.0
17:06:38.191234,2,0.98,-0.21,0.03,0.06
17:06:38.261471,2,0.98,-0.21,0.03,0.06
17:06:38.330871,2,0.98,-0.21,0.03,0.06
17:06:38.391786,1,0.98,0.16,0.05,-0.06
17:06:38.400487,2,0.98,-0.21,0.03,0.06
17:06:38.462243,1,0.98,0.17,0.05,-0.06
17:06:38.469824,2,0.98,-0.21,0.03,0.06
17:06:38.531251,1,0.98,0.17,0.05,-0.06
17:06:38.539293,2,0.97,-0.22,0.03,0.06
17:06:38.601434,1,0.98,0.17,0.05,-0.06
17:06:38.608973,2,0.97,-0.22,0.03,0.0
17:06:38.670685,1,0.98,0.17,0.05,-0.06
17:06:38.740403,1,0.98,0.17,0.05,-0.06
17:06:38.809820,1,0.98,0.17,0.05,-0.0
17:06:39.100388,2,0.97,-0.22,0.03,0.06
17:06:39.170369,2,0.97,-0.22,0.03,0.06
17:06:39.232393,1,0.98,0.17,0.05,-0.06
17:06:39.240123,2,0.97,-0.22,0.03,0.06
17:06:39.301763,1,0.98,0.18,0.05,-0.07
17:06:39.309734,2,0.97,-0.23,0.03,0.07
17:06:39.371630,1,0.98,0.17,0.05,-0.06
17:06:39.379301,2,0.97,-0.22,0.03,0.07
17:06:39.440627,1,0.98,0.17,0.05,-0.07
17:06:39.449385,2,0.97,-0.22,0.03,0.07
17:06:39.510657,1,0.98,0.18,0.05,-0.07
17:06:39.518213,2,0.97,-0.23,0.03,0.0
17:06:39.580305,1,0.98,0.18,0.05,-0.07
17:06:39.649797,1,0.98,0.18,0.05,-0.0
17:06:40.071917,1,0.98,0.18,0.05,-0.07
17:06:40.079610,2,0.97,-0.23,0.03,0.07
17:06:40.141245,1,0.98,0.18,0.05,-0.07
17:06:40.149187,2,0.97,-0.23,0.03,0.07
17:06:40.210593,1,0.98,0.18,0.05,-0.07
17:06:40.219266,2,0.97,-0.23,0.03,0.07
17:06:40.280280,1,0.98,0.18,0.05,-0.07
17:06:40.289061,2,0.97,-0.23,0.03,0.07
17:06:40.350084,1,0.98,0.18,0.05,-0.07
17:06:40.357706,2,0.97,-0.23,0.03,0.07
17:06:40.419542,1,0.98,0.18,0.05,-0.07
17:06:40.428328,2,0.97,-0.23,0.03,0.07
17:06:40.489484,1,0.98,0.18,0.05,-0.0
17:06:40.980598,1,0.98,0.18,0.05,-0.07
17:06:40.989393,2,0.97,-0.23,0.03,0.07
17:06:41.050771,1,0.98,0.19,0.05,-0.07
17:06:41.058415,2,0.97,-0.23,0.03,0.07
17:06:41.120266,1,0.98,0.18,0.05,-0.07
17:06:41.128118,2,0.97,-0.23,0.03,0.07
17:06:41.190183,1,0.98,0.18,0.05,-0.07
17:06:41.198076,2,0.97,-0.23,0.03,0.07
17:06:41.258973,1,0.98,0.18,0.05,-0.07
17:06:41.267611,2,0.97,-0.24,0.03,0.07
17:06:41.328450,1,0.98,0.18,0.05,-0.07
17:06:41.337201,2,0.97,-0.23,0.03,0.07
17:06:41.407163,2,0.97,-0.23,0.03,0.0
17:06:41.820824,1,0.98,0.19,0.05,-0.07
17:06:41.890271,1,0.98,0.19,0.05,-0.07
17:06:41.897877,2,0.97,-0.23,0.03,0.07
17:06:41.959763,1,0.98,0.19,0.05,-0.07
17:06:41.968379,2,0.97,-0.23,0.03,0.07
17:06:42.029225,1,0.98,0.19,0.05,-0.07
17:06:42.037313,2,0.97,-0.23,0.03,0.08
17:06:42.098995,1,0.98,0.19,0.05,-0.07
17:06:42.107771,2,0.97,-0.23,0.03,0.07
17:06:42.169144,1,0.98,0.19,0.05,-0.0
17:06:42.177184,2,0.97,-0.23,0.03,0.08
17:06:42.246953,2,0.97,-0.21,0.03,0.07
17:06:42.316065,2,0.98,-0.16,0.02,0.07
17:06:42.660052,1,0.99,0.13,0.03,-0.07
17:06:42.729387,1,0.99,0.13,0.03,-0.07
17:06:42.799676,1,0.99,0.14,0.03,-0.07
17:06:42.807370,2,0.99,-0.15,0.01,0.06
17:06:42.869151,1,0.99,0.14,0.03,-0.07
17:06:42.876964,2,0.99,-0.16,0.01,0.06
17:06:42.938835,1,0.99,0.15,0.03,-0.07
17:06:42.946488,2,0.98,-0.17,0.01,0.06
17:06:43.008405,1,0.99,0.15,0.04,-0.0
17:06:43.017018,2,0.98,-0.17,0.02,0.06
17:06:43.085941,2,0.98,-0.18,0.02,0.06
17:06:43.155916,2,0.98,-0.18,0.02,0.06
17:06:43.225565,2,0.98,-0.19,0.02,0.06
17:06:43.295214,2,0.98,-0.19,0.02,0.0
17:06:43.430311,1,0.98,0.17,0.04,-0.07
17:06:43.499695,1,0.98,0.17,0.04,-0.07
17:06:43.569807,1,0.98,0.17,0.04,-0.07
17:06:43.638927,1,0.98,0.17,0.04,-0.07
17:06:43.709039,1,0.98,0.17,0.04,-0.07
17:06:43.778958,1,0.98,0.18,0.04,-0.07
17:06:43.786758,2,0.97,-0.21,0.03,0.06
17:06:43.848510,1,0.98,0.19,0.05,-0.0
17:06:43.856318,2,0.97,-0.23,0.03,0.06
17:06:43.925305,2,0.96,-0.28,0.04,0.07
17:06:43.994971,2,0.95,-0.31,0.05,0.07
17:06:44.064921,2,0.94,-0.34,0.06,0.08
17:06:44.134294,2,0.93,-0.34,0.06,0.08
17:06:44.204323,2,0.94,-0.33,0.06,0.08
17:06:44.339973,1,0.97,0.23,0.06,-0.08
17:06:44.408622,1,0.97,0.22,0.06,-0.08
17:06:44.478511,1,0.97,0.22,0.06,-0.08
17:06:44.548776,1,0.97,0.22,0.06,-0.08
17:06:44.618260,1,0.97,0.22,0.06,-0.08
17:06:44.688057,1,0.97,0.21,0.06,-0.08
17:06:44.695930,2,0.95,-0.29,0.05,0.08
17:06:44.757097,1,0.97,0.21,0.06,-0.0
17:06:44.765714,2,0.95,-0.29,0.05,0.08
17:06:44.835018,2,0.96,-0.28,0.05,0.08
17:06:44.904666,2,0.96,-0.27,0.05,0.08
17:06:44.974043,2,0.96,-0.27,0.04,0.08
17:06:45.043807,2,0.96,-0.27,0.04,0.08
17:06:45.113637,2,0.96,-0.27,0.04,0.08
17:06:45.178772,1,0.97,0.2,0.06,-0.08
17:06:45.248965,1,0.97,0.21,0.06,-0.08
17:06:45.317991,1,0.98,0.19,0.05,-0.08
17:06:45.388195,1,0.98,0.2,0.05,-0.08
17:06:45.457300,1,0.97,0.2,0.05,-0.08
17:06:45.527734,1,0.98,0.2,0.05,-0.08
17:06:45.605180,2,0.96,-0.25,0.04,0.08
17:06:45.674352,2,0.96,-0.25,0.04,0.08
17:06:45.744944,2,0.96,-0.25,0.04,0.08
17:06:45.814509,2,0.96,-0.25,0.04,0.08
17:06:45.883990,2,0.96,-0.25,0.04,0.08
17:06:45.949331,1,0.98,0.19,0.05,-0.08
17:06:45.952928,2,0.96,-0.25,0.04,0.08
17:06:46.019124,1,0.98,0.19,0.05,-0.08
17:06:46.022560,2,0.97,-0.24,0.04,0.08
17:06:46.088601,1,0.98,0.19,0.05,-0.08
17:06:46.092978,2,0.97,-0.24,0.04,0.0
17:06:46.174017,2,0.97,-0.24,0.04,0.08
17:06:46.227352,1,0.98,0.19,0.05,-0.08
17:06:46.293879,2,0.97,-0.24,0.04,0.08
17:06:46.407804,1,0.98,0.19,0.05,-0.08
17:06:46.473352,2,0.97,-0.24,0.04,0.08
17:06:46.526503,1,0.98,0.19,0.05,-0.0
17:06:46.588655,1,0.98,0.19,0.05,-0.08
17:06:46.592071,2,0.97,-0.24,0.04,0.0
17:06:46.653687,2,0.97,-0.24,0.04,0.08
17:06:46.707007,1,0.98,0.19,0.05,-0.08
17:06:46.768941,1,0.98,0.19,0.05,-0.08
17:06:46.772346,2,0.97,-0.24,0.04,0.08
17:06:46.833745,2,0.97,-0.24,0.04,0.08
17:06:46.887098,1,0.98,0.19,0.05,-0.08
17:06:46.949174,1,0.98,0.19,0.05,-0.08
17:06:46.952614,2,0.97,-0.24,0.04,0.08
17:06:47.068016,1,0.98,0.19,0.05,-0.08
17:06:47.133295,2,0.97,-0.24,0.04,0.08
17:06:47.247674,1,0.98,0.19,0.05,-0.09
17:06:47.252092,2,0.97,-0.24,0.04,0.0
17:06:47.313478,2,0.97,-0.24,0.03,0.09
17:06:47.365977,1,0.98,0.19,0.05,-0.0
17:06:47.428122,1,0.98,0.19,0.05,-0.08
17:06:47.432549,2,0.97,-0.24,0.04,0.08
17:06:47.493237,2,0.97,-0.24,0.04,0.08
17:06:47.546572,1,0.98,0.19,0.05,-0.09
17:06:47.608711,1,0.98,0.19,0.05,-0.08
17:06:47.612134,2,0.97,-0.24,0.04,0.08
17:06:47.726601,1,0.98,0.19,0.06,-0.07
17:06:47.792739,2,0.97,-0.24,0.04,0.09
17:06:47.906762,1,0.98,0.19,0.05,-0.08
17:06:47.911155,2,0.97,-0.24,0.04,0.08
17:06:47.972829,2,0.97,-0.24,0.04,0.08
17:06:48.087162,1,0.98,0.19,0.05,-0.09
17:06:48.091500,2,0.97,-0.24,0.04,0.09
17:06:48.206558,1,0.98,0.19,0.06,-0.0
17:06:48.267781,1,0.98,0.19,0.06,-0.08
17:06:48.272139,2,0.97,-0.24,0.04,0.08
17:06:48.386040,1,0.98,0.19,0.05,-0.09
17:06:48.390481,2,0.97,-0.23,0.04,0.0
17:06:48.447575,1,0.98,0.19,0.05,-0.08
17:06:48.451888,2,0.97,-0.24,0.04,0.08
17:06:48.566436,1,0.98,0.19,0.05,-0.09
17:06:48.570253,2,0.97,-0.24,0.04,0.09
17:06:48.628115,1,0.98,0.19,0.05,-0.09
17:06:48.632469,2,0.97,-0.24,0.04,0.09
17:06:48.746618,1,0.98,0.19,0.06,-0.08
17:06:48.751275,2,0.97,-0.24,0.04,0.08
17:06:48.927125,1,0.98,0.19,0.06,-0.09
17:06:48.930714,2,0.97,-0.23,0.04,0.09
17:06:49.046155,1,0.98,0.19,0.06,-0.0
17:06:49.107560,1,0.98,0.19,0.06,-0.08
17:06:49.111020,2,0.97,-0.24,0.04,0.08
17:06:49.226026,1,0.98,0.19,0.05,-0.09
17:06:49.242467,2,0.97,-0.23,0.04,0.09
17:06:49.296179,1,0.98,0.19,0.06,-0.0
17:06:49.299576,2,0.97,-0.24,0.04,0.0
17:06:49.357107,1,0.98,0.19,0.05,-0.08
17:06:49.427059,1,0.98,0.19,0.05,-0.09
17:06:49.430540,2,0.97,-0.23,0.04,0.09
17:06:49.545935,1,0.98,0.19,0.05,-0.0
17:06:49.561718,2,0.97,-0.24,0.04,0.08
17:06:49.627094,1,0.98,0.19,0.06,-0.08
17:06:49.640274,2,0.97,-0.24,0.04,0.08
17:06:49.697165,1,0.98,0.19,0.05,-0.09
17:06:49.766736,1,0.98,0.19,0.05,-0.09
17:06:49.836267,1,0.98,0.19,0.05,-0.08
17:06:49.905869,1,0.98,0.19,0.05,-0.1
17:06:49.976133,1,0.98,0.19,0.05,-0.08
17:06:50.045573,1,0.98,0.19,0.06,-0.0
17:06:50.200954,2,0.97,-0.23,0.04,0.09
17:06:50.270466,2,0.97,-0.24,0.04,0.08
17:06:50.340351,2,0.97,-0.24,0.04,0.08
17:06:50.409605,2,0.97,-0.23,0.04,0.09
17:06:50.467180,1,0.98,0.19,0.05,-0.09
17:06:50.478996,2,0.97,-0.23,0.04,0.08
17:06:50.537171,1,0.98,0.19,0.05,-0.08
17:06:50.549108,2,0.97,-0.24,0.04,0.08
17:06:50.606727,1,0.98,0.19,0.05,-0.09
17:06:50.618655,2,0.97,-0.24,0.04,0.0
17:06:50.675738,1,0.98,0.19,0.05,-0.09
17:06:50.745948,1,0.98,0.19,0.05,-0.08
17:06:50.815598,1,0.98,0.19,0.06,-0.08
17:06:50.885127,1,0.98,0.19,0.05,-0.0
17:06:51.109861,2,0.97,-0.23,0.04,0.09
17:06:51.179569,2,0.97,-0.23,0.04,0.09
17:06:51.249479,2,0.97,-0.23,0.04,0.08
17:06:51.307045,1,0.98,0.19,0.05,-0.09
17:06:51.318932,2,0.97,-0.24,0.04,0.08
17:06:51.376919,1,0.98,0.19,0.05,-0.09
17:06:51.389008,2,0.97,-0.23,0.04,0.09
17:06:51.446545,1,0.98,0.19,0.05,-0.09
17:06:51.458402,2,0.97,-0.23,0.04,0.08
17:06:51.516033,1,0.98,0.19,0.05,-0.09
17:06:51.528256,2,0.97,-0.23,0.04,0.0
17:06:51.585443,1,0.98,0.19,0.05,-0.09
17:06:51.654795,1,0.98,0.19,0.05,-0.09
17:06:51.724925,1,0.98,0.19,0.05,-0.0
17:06:52.020027,2,0.97,-0.23,0.04,0.08
17:06:52.088848,2,0.97,-0.23,0.04,0.09
17:06:52.146383,1,0.98,0.19,0.05,-0.1
17:06:52.159163,2,0.97,-0.23,0.03,0.09
17:06:52.215661,1,0.98,0.19,0.05,-0.09
17:06:52.228635,2,0.97,-0.24,0.04,0.08
17:06:52.285588,1,0.98,0.19,0.05,-0.08
17:06:52.298460,2,0.97,-0.24,0.04,0.08
17:06:52.356001,1,0.98,0.19,0.06,-0.08
17:06:52.368006,2,0.97,-0.24,0.04,0.08
17:06:52.424880,1,0.98,0.19,0.06,-0.09
17:06:52.436864,2,0.97,-0.24,0.04,0.09
17:06:52.494334,1,0.98,0.19,0.05,-0.09
17:06:52.507214,2,0.97,-0.23,0.04,0.0
17:06:52.564833,1,0.98,0.19,0.06,-0.08
17:06:52.986639,1,0.98,0.19,0.05,-0.09
17:06:52.998453,2,0.97,-0.23,0.04,0.09
17:06:53.055903,1,0.98,0.19,0.06,-0.09
17:06:53.067874,2,0.97,-0.24,0.04,0.08
17:06:53.125214,1,0.98,0.19,0.06,-0.09
17:06:53.137469,2,0.97,-0.24,0.04,0.08
17:06:53.194952,1,0.98,0.19,0.05,-0.09
17:06:53.207763,2,0.97,-0.23,0.04,0.09
17:06:53.264298,1,0.98,0.19,0.05,-0.09
17:06:53.277269,2,0.97,-0.24,0.04,0.08
17:06:53.334441,1,0.98,0.19,0.06,-0.09
17:06:53.346221,2,0.97,-0.24,0.04,0.08
17:06:53.403684,1,0.98,0.19,0.06,-0.09
17:06:53.416203,2,0.97,-0.23,0.04,0.0
17:06:53.895179,1,0.98,0.19,0.06,-0.09
17:06:53.908089,2,0.97,-0.23,0.04,0.08
17:06:53.965087,1,0.98,0.19,0.05,-0.09
17:06:53.977243,2,0.97,-0.23,0.04,0.08
17:06:54.034554,1,0.97,0.2,0.06,-0.09
17:06:54.047441,2,0.97,-0.24,0.04,0.08
17:06:54.104480,1,0.98,0.19,0.06,-0.09
17:06:54.116564,2,0.97,-0.24,0.04,0.08
17:06:54.173935,1,0.98,0.19,0.06,-0.09
17:06:54.186241,2,0.97,-0.23,0.04,0.08
17:06:54.244168,1,0.98,0.19,0.05,-0.0
17:06:54.256182,2,0.97,-0.24,0.04,0.08
17:06:54.325316,2,0.97,-0.23,0.04,0.08
17:06:54.394849,2,0.97,-0.23,0.04,0.0
17:06:54.734849,1,0.98,0.19,0.05,-0.09
17:06:54.805402,1,0.98,0.19,0.05,-0.09
17:06:54.874861,1,0.98,0.19,0.05,-0.09
17:06:54.886813,2,0.97,-0.23,0.04,0.08
17:06:54.944355,1,0.98,0.19,0.05,-0.09
17:06:54.956242,2,0.97,-0.23,0.04,0.08
17:06:55.013989,1,0.98,0.19,0.06,-0.09
17:06:55.026107,2,0.97,-0.23,0.04,0.08
