point_0_x,point_0_y,point_0_z,point_1_x,point_1_y,point_1_z,point_2_x,point_2_y,point_2_z,point_3_x,point_3_y,point_3_z,point_4_x,point_4_y,point_4_z,point_5_x,point_5_y,point_5_z,point_6_x,point_6_y,point_6_z,point_7_x,point_7_y,point_7_z,point_8_x,point_8_y,point_8_z
0.0012179642,-0.0024436698,-7.672557e-05,-11.335466,-19.595816,-21.040571,3.3149638,-42.753857,-21.90955,-10.8657465,-62.57309,-33.646206,1.6648418,-84.090965,-31.122744,-12.880688,-102.03345,-41.10553,-35.10002,-26.110836,-7.664372,-34.911034,-63.15657,-19.30686,-38.27184,-101.972984,-24.872616
0.0011827289,-0.0023719773,-8.9769135e-05,-11.397951,-19.656189,-20.952908,3.1996975,-42.819145,-21.834602,-11.008585,-62.659637,-33.46367,1.4756242,-84.16389,-30.967684,-13.083906,-102.11968,-40.861584,-35.12184,-26.123442,-7.4746804,-35.006958,-63.204803,-19.033556,-38.4274,-102.03161,-24.513474
0.0011838105,-0.0023749594,-8.90535e-05,-11.394606,-19.653786,-20.957956,3.2066262,-42.816757,-21.836657,-11.001037,-62.656258,-33.472286,1.485737,-84.161194,-30.972773,-13.074438,-102.11646,-40.872364,-35.121124,-26.123293,-7.4847994,-35.002357,-63.20285,-19.047092,-38.42037,-102.029144,-24.53062
0.0011850337,-0.0023766875,-8.965803e-05,-11.394199,-19.653862,-20.96462,3.2088096,-42.824444,-21.82811,-11.002778,-62.66245,-33.46926,1.4814807,-84.17243,-30.951393,-13.0879,-102.12518,-40.854782,-35.12774,-26.117855,-7.4956937,-35.01115,-63.197563,-19.052402,-38.436638,-102.02113,-24.5254
0.0011993209,-0.0024036488,-8.3973355e-05,-11.373311,-19.62791,-21.0056,3.2607427,-42.79471,-21.866394,-10.951875,-62.624603,-33.556713,1.5613858,-84.13907,-31.02706,-13.01265,-102.08326,-40.97055,-35.11891,-26.117603,-7.57565,-34.972088,-63.1805,-19.17109,-38.372673,-101.99684,-24.684715
0.0011955652,-0.0023955684,-8.641281e-05,-11.386478,-19.631971,-20.992989,3.2357566,-42.801323,-21.856913,-10.982929,-62.630512,-33.532944,1.5195781,-84.1439,-31.008724,-13.060045,-102.085526,-40.94055,-35.126003,-26.111382,-7.5470757,-34.99615,-63.177906,-19.133293,-38.410904,-101.99237,-24.638697
0.0011899691,-0.0023825066,-9.021045e-05,-11.41042,-19.637453,-20.976698,3.1959674,-42.814323,-21.843294,-11.037213,-62.642014,-33.498127,1.4502918,-84.1572,-30.977154,-13.144287,-102.09377,-40.89033,-35.141506,-26.100185,-7.5054708,-35.039883,-63.17216,-19.076982,-38.480038,-101.9832,-24.565315
0.0011928732,-0.0023885423,-8.928568e-05,-11.406292,-19.632217,-20.984392,3.204928,-42.8089,-21.850094,-11.028648,-62.633987,-33.514263,1.4634691,-84.14976,-30.99078,-13.131855,-102.08302,-40.912025,-35.13981,-26.098726,-7.52113,-35.03349,-63.167427,-19.099833,-38.469467,-101.97587,-24.596771
0.001197937,-0.002402559,-8.3378676e-05,-11.369208,-19.631111,-20.998835,3.2625616,-42.79126,-21.867294,-10.942251,-62.623936,-33.55255,1.571046,-84.133255,-31.034689,-12.991604,-102.08217,-40.975307,-35.11124,-26.12424,-7.567114,-34.959866,-63.18833,-19.163122,-38.352818,-102.008385,-24.681515
0.0012184605,-0.002441217,-7.481543e-05,-11.33117,-19.60565,-21.035517,3.3287208,-42.75097,-21.912672,-10.845677,-62.581875,-33.64447,1.6963507,-84.09217,-31.133886,-12.838985,-102.05052,-41.111713,-35.0893,-26.133358,-7.652262,-34.885925,-63.181072,-19.29432,-38.23085,-102.00815,-24.860086
0.0012153611,-0.002433274,-7.601135e-05,-11.3566265,-19.604427,-21.030333,3.3031142,-42.75278,-21.916697,-10.892735,-62.582558,-33.64155,1.6498328,-84.09592,-31.137058,-12.9071865,-102.0514,-41.107113,-35.103962,-26.129078,-7.6237454,-34.919918,-63.17655,-19.267582,-38.282852,-102.00193,-24.831205
0.0012181571,-0.002447295,-6.994631e-05,-11.344433,-19.586775,-21.051723,3.334276,-42.73001,-21.947514,-10.848937,-62.557922,-33.699963,1.7112023,-84.07958,-31.20133,-12.83779,-102.04486,-41.192,-35.100307,-26.132961,-7.6658115,-34.889584,-63.170475,-19.34204,-38.231365,-102.00647,-24.930874
0.0012195109,-0.0024576948,-6.730863e-05,-11.317476,-19.584642,-21.06088,3.3685567,-42.723354,-21.950672,-10.790511,-62.552532,-33.717407,1.7750541,-84.07464,-31.214321,-12.750509,-102.04847,-41.219074,-35.085262,-26.141142,-7.7007313,-34.847466,-63.176865,-19.384739,-38.166084,-102.02077,-24.981997
0.0012193896,-0.002459546,-6.777393e-05,-11.314426,-19.582094,-21.059847,3.3649404,-42.722515,-21.948833,-10.790085,-62.545967,-33.716076,1.7697736,-84.06682,-31.215,-12.750671,-102.03472,-41.223854,-35.084366,-26.13409,-7.7043242,-34.849155,-63.16947,-19.389215,-38.16814,-102.01039,-24.993488
0.0012181363,-0.0024617708,-6.88899e-05,-11.296767,-19.5841,-21.050755,3.3658173,-42.72012,-21.938253,-10.76721,-62.53429,-33.702232,1.7801405,-84.04345,-31.214903,-12.712044,-102.00458,-41.23341,-35.07078,-26.128853,-7.707202,-34.831448,-63.166115,-19.389585,-38.13793,-102.005325,-25.013618
0.0012181549,-0.0024650139,-6.908325e-05,-11.284775,-19.584421,-21.048742,3.3716915,-42.718163,-21.933712,-10.748421,-62.528492,-33.699135,1.7940289,-84.033035,-31.21583,-12.68314,-101.99238,-41.24102,-35.06299,-26.127296,-7.714863,-34.818035,-63.165028,-19.397198,-38.11643,-102.004425,-25.030512
0.0012207215,-0.002472165,-6.7883826e-05,-11.2719145,-19.57998,-21.051466,3.3836164,-42.709652,-21.938158,-10.723048,-62.517574,-33.711033,1.819131,-84.01982,-31.232647,-12.643957,-101.980194,-41.267117,-35.05456,-26.12693,-7.7304573,-34.79936,-63.16258,-19.420689,-38.08705,-102.003586,-25.067434
0.0012239703,-0.0024771,-6.704182e-05,-11.283014,-19.572523,-21.061338,3.3791587,-42.71035,-21.947296,-10.743475,-62.517056,-33.726643,1.8027087,-84.02929,-31.236036,-12.6806755,-101.98465,-41.270042,-35.06651,-26.11904,-7.7392683,-34.81927,-63.151836,-19.435076,-38.12009,-101.98807,-25.075819
0.0012225569,-0.0024749753,-6.641084e-05,-11.266146,-19.580357,-21.054821,3.3963943,-42.70606,-21.943438,-10.705482,-62.518524,-33.7202,1.8432437,-84.02081,-31.2425,-12.615303,-101.988205,-41.278423,-35.04972,-26.135015,-7.737865,-34.784084,-63.169903,-19.43206,-38.0633,-102.015465,-25.079424
0.0012271113,-0.0024814857,-6.554584e-05,-11.291503,-19.565134,-21.068172,3.3765392,-42.705254,-21.962095,-10.757151,-62.511814,-33.746014,1.7949549,-84.029236,-31.254988,-12.700581,-101.98145,-41.288334,-35.07234,-26.115402,-7.744482,-34.82919,-63.14499,-19.450172,-38.135887,-101.97778,-25.093784
0.0012220757,-0.0024722973,-6.496416e-05,-11.257658,-19.58792,-21.051622,3.4123986,-42.702774,-21.946087,-10.679275,-62.52493,-33.720158,1.8783995,-84.02093,-31.252363,-12.566996,-102.00224,-41.285378,-35.03804,-26.154066,-7.733446,-34.75636,-63.190487,-19.42777,-38.01861,-102.04542,-25.075325
0.0012290733,-0.002484472,-6.4855136e-05,-11.311842,-19.553122,-21.077406,3.3600476,-42.703796,-21.974771,-10.797482,-62.505634,-33.76491,1.7562371,-84.03486,-31.264282,-12.768145,-101.97669,-41.29645,-35.090523,-26.099916,-7.747165,-34.864975,-63.125244,-19.461946,-38.19352,-101.949486,-25.103296
0.0012239452,-0.0024773255,-6.5857545e-05,-11.267953,-19.578018,-21.059261,3.3986814,-42.705788,-21.947554,-10.707189,-62.519005,-33.727528,1.8445426,-84.02493,-31.245054,-12.619537,-101.99229,-41.281147,-35.052425,-26.13437,-7.7436256,-34.78654,-63.168198,-19.440298,-38.06788,-102.01322,-25.085093
0.0012214528,-0.002470264,-6.5055836e-05,-11.263556,-19.588507,-21.052376,3.4089332,-42.70548,-21.94516,-10.6891985,-62.529125,-33.718697,1.8695856,-84.02782,-31.2466,-12.584072,-102.00992,-41.276855,-35.042896,-26.153992,-7.7293606,-34.76478,-63.19061,-19.421907,-38.032455,-102.04565,-25.063244
0.0012219656,-0.0024743169,-6.711994e-05,-11.273938,-19.577374,-21.056736,3.3870852,-42.709267,-21.94177,-10.723717,-62.51864,-33.719322,1.82192,-84.025635,-31.23426,-12.648117,-101.9875,-41.26938,-35.0581,-26.12669,-7.736993,-34.80185,-63.16102,-19.429955,-38.092175,-102.002495,-25.07275
0.0012205414,-0.0024678751,-6.496445e-05,-11.26805,-19.587463,-21.051874,3.4055104,-42.70397,-21.947624,-10.696155,-62.528717,-33.720604,1.863628,-84.02825,-31.249998,-12.594185,-102.01111,-41.278057,-35.04493,-26.15399,-7.724849,-34.7691,-63.190052,-19.418797,-38.039284,-102.045074,-25.05948
0.0012203595,-0.0024699674,-6.655937e-05,-11.270399,-19.583328,-21.051847,3.3934948,-42.707413,-21.941895,-10.711153,-62.52292,-33.715145,1.8388821,-84.024345,-31.239391,-12.622452,-101.995026,-41.271137,-35.050694,-26.138954,-7.728046,-34.786266,-63.174793,-19.419754,-38.06651,-102.02228,-25.063156
0.0012222751,-0.002474031,-6.792096e-05,-11.28763,-19.573954,-21.061012,3.3741133,-42.71553,-21.942163,-10.753805,-62.522144,-33.719704,1.790547,-84.03689,-31.222622,-12.699762,-101.99094,-41.253933,-35.071434,-26.116762,-7.735426,-34.8292,-63.15049,-19.426285,-38.136387,-101.98559,-25.059118
0.0012203127,-0.002469224,-6.799091e-05,-11.283826,-19.580761,-21.055412,3.378887,-42.716053,-21.938545,-10.742635,-62.527718,-33.7109,1.8038846,-84.03711,-31.22082,-12.677721,-101.99871,-41.24877,-35.064915,-26.127375,-7.726079,-34.81602,-63.16324,-19.41292,-38.11461,-102.003784,-25.044302
0.0012266038,-0.0024800892,-6.6548746e-05,-11.313674,-19.558445,-21.075254,3.3562517,-42.71351,-21.962826,-10.804089,-62.51585,-33.7487,1.7458588,-84.04649,-31.238441,-12.782715,-101.98775,-41.266922,-35.09419,-26.09923,-7.742106,-34.872707,-63.12726,-19.446064,-38.206623,-101.95111,-25.074682
0.0012228133,-0.0024747753,-6.771901e-05,-11.289649,-19.57312,-21.063162,3.3744602,-42.716045,-21.944298,-10.756833,-62.52334,-33.72281,1.7893854,-84.0401,-31.223007,-12.704981,-101.993965,-41.253506,-35.07341,-26.116598,-7.737251,-34.83184,-63.149963,-19.428837,-38.14087,-101.984566,-25.059332
0.0012191965,-0.002466164,-6.826494e-05,-11.286716,-19.583944,-21.05359,3.3772094,-42.718822,-21.93717,-10.747217,-62.532814,-33.705887,1.8008162,-84.04155,-31.216116,-12.682985,-102.00474,-41.240143,-35.06558,-26.130754,-7.7195835,-34.817703,-63.167812,-19.40322,-38.116898,-102.00914,-25.030054
0.001218506,-0.0024635165,-6.844573e-05,-11.291836,-19.585691,-21.053074,3.3740587,-42.721424,-21.936827,-10.75576,-62.53745,-33.703106,1.7938911,-84.047264,-31.211723,-12.6957035,-102.01149,-41.231853,-35.06859,-26.132479,-7.71371,-34.82343,-63.170147,-19.395102,-38.12591,-102.01168,-25.016434
0.0012200468,-0.00246809,-6.85851e-05,-11.29058,-19.581417,-21.05741,3.3737755,-42.72193,-21.936588,-10.757077,-62.533688,-33.70758,1.7898175,-84.04702,-31.209202,-12.702597,-102.00592,-41.23367,-35.071606,-26.124722,-7.7243214,-34.828964,-63.1612,-19.407225,-38.135643,-101.99924,-25.02948
0.0012193874,-0.0024661245,-6.817815e-05,-11.287968,-19.584896,-21.055023,3.3784497,-42.72095,-21.936514,-10.748447,-62.53633,-33.70555,1.8011953,-84.04666,-31.21197,-12.685986,-102.01101,-41.234955,-35.06726,-26.132065,-7.7201653,-34.81922,-63.169395,-19.402418,-38.11973,-102.01127,-25.024874
0.0012191327,-0.002465985,-6.877135e-05,-11.290644,-19.583647,-21.0549,3.3729835,-42.722527,-21.93503,-10.756908,-62.53533,-33.703438,1.7898813,-84.04669,-31.207838,-12.700592,-102.00693,-41.230713,-35.07023,-26.127129,-7.719431,-34.82728,-63.164413,-19.400593,-38.132534,-102.00341,-25.022543
0.0012186748,-0.0024626781,-6.738152e-05,-11.289273,-19.58864,-21.053211,3.3827066,-42.719563,-21.939455,-10.744207,-62.54129,-33.706055,1.8113633,-84.04976,-31.217396,-12.675137,-102.022,-41.236053,-35.064587,-26.142206,-7.712564,-34.811436,-63.180126,-19.39508,-38.10699,-102.02686,-25.014822
0.0012199066,-0.002466596,-6.74186e-05,-11.284752,-19.58658,-21.05562,3.385556,-42.719543,-21.938194,-10.738136,-62.53822,-33.708187,1.8152982,-84.047615,-31.216124,-12.668465,-102.01705,-41.239223,-35.063934,-26.138231,-7.7216353,-34.809616,-63.17567,-19.404953,-38.104553,-102.02104,-25.02725
0.0012195646,-0.002464611,-6.596587e-05,-11.280338,-19.589878,-21.053843,3.3962653,-42.714104,-21.943321,-10.720887,-62.540035,-33.712933,1.8396894,-84.0456,-31.229832,-12.636175,-102.02582,-41.25115,-35.056236,-26.151447,-7.71798,-34.790638,-63.188923,-19.404633,-38.074097,-102.04139,-25.02926
0.0012195966,-0.0024636681,-6.5652086e-05,-11.282229,-19.590822,-21.054394,3.3974693,-42.714394,-21.944649,-10.721835,-62.54283,-33.714024,1.8413879,-84.04918,-31.230246,-12.637159,-102.03206,-41.249607,-35.056995,-26.154522,-7.716067,-34.790462,-63.192043,-19.402689,-38.074005,-102.04593,-25.024267
0.0012201016,-0.0024639782,-6.5329295e-05,-11.284203,-19.58943,-21.056221,3.3980045,-42.713303,-21.947681,-10.723772,-62.542835,-33.71844,1.8414413,-84.050995,-31.233385,-12.640518,-102.03475,-41.252018,-35.05848,-26.15484,-7.7172203,-34.791927,-63.191616,-19.405699,-38.076653,-102.04563,-25.025976
0.0012209715,-0.0024670397,-6.440353e-05,-11.27343,-19.587837,-21.055302,3.40732,-42.705505,-21.950987,-10.701546,-62.53461,-33.72503,1.8637158,-84.03824,-31.24895,-12.603493,-102.02491,-41.273285,-35.04908,-26.157827,-7.724163,-34.773,-63.193542,-19.41837,-38.046276,-102.050224,-25.050707
0.0012225457,-0.0024753972,-6.726415e-05,-11.277395,-19.575146,-21.058092,3.382922,-42.709515,-21.944191,-10.732338,-62.516994,-33.72186,1.8128916,-84.02561,-31.235653,-12.661554,-101.98363,-41.27035,-35.06109,-26.122683,-7.7378397,-34.809093,-63.156437,-19.431992,-38.10346,-101.99508,-25.075207
0.0011882411,-0.0023900417,-7.979978e-05,-11.37408,-19.641937,-20.99153,3.2774696,-42.78654,-21.886816,-10.924221,-62.639168,-33.56018,1.6125094,-84.14756,-31.065722,-12.940607,-102.1252,-40.988922,-35.10191,-26.15984,-7.5425234,-34.92989,-63.226723,-19.146091,-38.30172,-102.068535,-24.657383
0.0012210312,-0.0024642295,-6.484774e-05,-11.281057,-19.590853,-21.063505,3.4074368,-42.72028,-21.942556,-10.71816,-62.558247,-33.715664,1.847982,-84.073814,-31.206041,-12.644379,-102.059944,-41.216988,-35.060326,-26.15579,-7.731014,-34.791275,-63.193676,-19.4101,-38.08203,-102.04451,-25.005283
0.0012068339,-0.002424646,-7.304273e-05,-11.292401,-19.661089,-21.050032,3.3985627,-42.833508,-21.843887,-10.769532,-62.702427,-33.56501,1.7784048,-84.23657,-30.94622,-12.76189,-102.23325,-40.904907,-35.08705,-26.181507,-7.694449,-34.84781,-63.25504,-19.261417,-38.196175,-102.1077,-24.700586
0.0011743264,-0.0023706371,-7.1694245e-05,-11.300729,-19.739895,-21.046211,3.4350138,-42.92652,-21.767015,-10.754574,-62.8749,-33.450474,1.8047849,-84.43378,-30.730265,-12.784269,-102.51898,-40.627117,-35.107044,-26.262669,-7.6541376,-34.85045,-63.370636,-19.123983,-38.237354,-102.27006,-24.377726
0.0011815192,-0.0023419915,-9.880359e-05,-11.46138,-19.70198,-20.92835,3.0941815,-42.92194,-21.78058,-11.191989,-62.778618,-33.33248,1.2329017,-84.31204,-30.762905,-13.406202,-102.24965,-40.584377,-35.183823,-26.10018,-7.4052896,-35.17218,-63.215267,-18.875132,-38.724903,-102.02427,-24.217846
0.0011801433,-0.0023424958,-0.00010130461,-11.476856,-19.700554,-20.931532,3.0741365,-42.936714,-21.750227,-11.23386,-62.788506,-33.308987,1.1773611,-84.32797,-30.702934,-13.498966,-102.256035,-40.52779,-35.206295,-26.076908,-7.4016,-35.220543,-63.192303,-18.853403,-38.808895,-101.989136,-24.173367
0.0010888834,-0.002057892,-0.0001903416,-12.27332,-19.969719,-20.636433,2.1485648,-43.55332,-21.254866,-12.855526,-63.60764,-32.224934,-0.66160756,-85.34936,-29.153786,-16.188107,-103.37049,-38.27779,-35.800564,-25.930733,-6.3782787,-36.57118,-63.24599,-17.184853,-41.067303,-102.01013,-21.363224
0.0010489427,-0.0019901728,-0.00017449331,-12.324588,-20.10676,-20.713722,2.2341409,-43.8042,-21.156588,-12.881395,-64.03265,-32.06596,-0.6442469,-85.9255,-28.65356,-16.368578,-104.129585,-37.612328,-35.918392,-26.068407,-6.4241257,-36.663445,-63.460186,-17.033112,-41.299744,-102.33571,-20.698914
0.0010455969,-0.0019878128,-0.00017125529,-12.303522,-20.120424,-20.728106,2.2615821,-43.827354,-21.146742,-12.846079,-64.06763,-32.060066,-0.614487,-85.9713,-28.611347,-16.336311,-104.18654,-37.570896,-35.916565,-26.08129,-6.4615684,-36.647823,-63.48022,-17.054327,-41.28913,-102.36367,-20.685177
0.0010460755,-0.0019936447,-0.00016957225,-12.2706375,-20.119009,-20.732624,2.2821693,-43.82151,-21.143541,-12.7983465,-64.05302,-32.06872,-0.5810426,-85.948944,-28.62195,-16.271986,-104.15514,-37.603405,-35.898632,-26.077494,-6.4978623,-36.616375,-63.4751,-17.095129,-41.244434,-102.354866,-20.75052
0.0010399981,-0.0019853003,-0.00016261486,-12.283343,-20.119936,-20.78112,2.3006992,-43.859497,-21.154669,-12.831534,-64.09932,-32.10349,-0.6070102,-86.036255,-28.572891,-16.364315,-104.230804,-37.557785,-35.934235,-26.075392,-6.5653577,-36.663895,-63.473457,-17.153893,-41.341175,-102.34351,-20.75131
0.0010426772,-0.001982004,-0.00016968878,-12.313201,-20.127783,-20.745144,2.2698772,-43.851837,-21.14541,-12.862576,-64.102776,-32.060787,-0.6233867,-86.0264,-28.570776,-16.377028,-104.2455,-37.52049,-35.933723,-26.088078,-6.479141,-36.66847,-63.490776,-17.058872,-41.330444,-102.37548,-20.646112
0.0010458112,-0.0019934115,-0.00016617904,-12.277651,-20.113852,-20.748846,2.3184733,-43.807137,-21.178783,-12.772781,-64.05155,-32.1187,-0.5080951,-85.957695,-28.680122,-16.20763,-104.18273,-37.661037,-35.895542,-26.107075,-6.5046735,-36.58245,-63.49867,-17.126848,-41.17891,-102.39365,-20.787691
0.0010730358,-0.0020274986,-0.00018248823,-12.313684,-20.022106,-20.675915,2.1822844,-43.65789,-21.206089,-12.8887005,-63.7884,-32.162098,-0.6654025,-85.60347,-28.929201,-16.307854,-103.70635,-37.982384,-35.86952,-25.98415,-6.3914256,-36.63386,-63.326405,-17.11424,-41.199833,-102.140015,-21.06309
0.0011465007,-0.0022757314,-0.00012192145,-11.549454,-19.784103,-20.82898,2.8796792,-43.09042,-21.564425,-11.473546,-62.960953,-32.98149,0.78737897,-84.50588,-30.283287,-13.956961,-102.430885,-40.002556,-35.284332,-26.01491,-7.224079,-35.460133,-63.192608,-18.498724,-39.24818,-101.97563,-23.614765
0.0011644015,-0.002316077,-0.00010782546,-11.503084,-19.735868,-20.88369,3.0039983,-42.988503,-21.658827,-11.308844,-62.85235,-33.168697,1.045642,-84.38543,-30.532652,-13.654167,-102.32899,-40.320934,-35.233868,-26.058094,-7.31327,-35.301525,-63.196266,-18.693487,-38.95716,-101.99707,-23.93726
0.001181312,-0.0023455266,-0.00010038978,-11.470778,-19.69941,-20.935274,3.0822146,-42.935043,-21.747526,-11.221475,-62.786694,-33.31329,1.1892582,-84.32647,-30.701849,-13.485693,-102.256096,-40.532837,-35.20473,-26.076893,-7.411399,-35.214005,-63.190994,-18.864464,-38.80031,-101.9887,-24.186039
0.0012013117,-0.0024220445,-6.545473e-05,-11.28525,-19.677902,-21.10231,3.4716976,-42.869934,-21.825794,-10.729808,-62.77947,-33.588238,1.8486024,-84.35125,-30.859207,-12.759996,-102.39106,-40.822647,-35.11191,-26.218716,-7.7661495,-34.84283,-63.29341,-19.308947,-38.2183,-102.16662,-24.651718
0.0012043444,-0.0024249223,-6.643419e-05,-11.283449,-19.673943,-21.09422,3.462503,-42.861675,-21.832905,-10.7314205,-62.765068,-33.588608,1.8424312,-84.331055,-30.879923,-12.751698,-102.36347,-40.8415,-35.10544,-26.213125,-7.758357,-34.83906,-63.287205,-19.307404,-38.207626,-102.15725,-24.667606
0.0012021896,-0.0024181646,-6.879475e-05,-11.295538,-19.678013,-21.087948,3.4415421,-42.871605,-21.823647,-10.764203,-62.773537,-33.569035,1.8004228,-84.33928,-30.855965,-12.805437,-102.364746,-40.809505,-35.11376,-26.205828,-7.7409806,-34.86548,-63.283062,-19.279116,-38.25148,-102.1465,-24.628647
0.0011710593,-0.002361193,-7.4293e-05,-11.314086,-19.745903,-21.027035,3.398553,-42.93432,-21.752716,-10.792554,-62.87907,-33.41648,1.7448579,-84.433205,-30.709578,-12.844234,-102.514465,-40.5955,-35.114887,-26.252045,-7.6174426,-34.882343,-63.36534,-19.07568,-38.289616,-102.26367,-24.326263
0.0011801731,-0.0023755897,-7.188009e-05,-11.304833,-19.736256,-21.048014,3.422006,-42.928627,-21.766117,-10.773543,-62.87162,-33.45053,1.7742196,-84.43236,-30.725365,-12.822905,-102.50798,-40.624664,-35.1146,-26.249891,-7.6583576,-34.87135,-63.357067,-19.128183,-38.274433,-102.24991,-24.383776
0.0011578819,-0.002308737,-0.000104228224,-11.476941,-19.756514,-20.866762,3.0594537,-42.97168,-21.67489,-11.211426,-62.866703,-33.16933,1.1860605,-84.38303,-30.578432,-13.457146,-102.37635,-40.346684,-35.190388,-26.12209,-7.2872343,-35.195404,-63.26566,-18.673958,-38.774113,-102.101395,-23.919939
0.0011561399,-0.0023058392,-0.00010465797,-11.47783,-19.760347,-20.86155,3.0573752,-42.973537,-21.67365,-11.2116585,-62.871468,-33.161194,1.1863967,-84.385925,-30.575186,-13.452778,-102.38273,-40.337437,-35.188232,-26.126286,-7.277893,-35.192753,-63.272022,-18.661314,-38.769066,-102.110176,-23.903664
0.0011878433,-0.002359691,-9.544527e-05,-11.424081,-19.703167,-20.95518,3.157993,-42.92203,-21.758907,-11.108087,-62.78796,-33.34955,1.3289853,-84.325806,-30.73134,-13.308466,-102.27973,-40.578156,-35.172768,-26.112577,-7.466311,-35.12161,-63.222515,-18.930952,-38.652943,-102.036964,-24.257565
0.0011564447,-0.0023065521,-0.000104657185,-11.47822,-19.758846,-20.861996,3.0558107,-42.972702,-21.67256,-11.213685,-62.868958,-33.161934,1.1826779,-84.38347,-30.575033,-13.457966,-102.37859,-40.339443,-35.1894,-26.1234,-7.2788496,-35.195652,-63.268467,-18.662994,-38.77397,-102.10547,-23.907362
0.0011596986,-0.0023113107,-0.00010359149,-11.472322,-19.756151,-20.872772,3.0705702,-42.97072,-21.681004,-11.199325,-62.867695,-33.179527,1.204383,-84.38587,-30.585642,-13.437071,-102.38062,-40.3554,-35.187466,-26.1273,-7.298593,-35.184727,-63.269863,-18.688204,-38.756813,-102.10645,-23.933558
0.0011618971,-0.0023206272,-9.841718e-05,-11.440922,-19.752281,-20.898436,3.13198,-42.956257,-21.699755,-11.1158285,-62.860306,-33.229156,1.3140246,-84.38203,-30.628428,-13.307617,-102.39472,-40.421783,-35.16921,-26.153168,-7.352737,-35.119022,-63.288803,-18.761818,-38.6511,-102.13985,-24.020159
0.0011432657,-0.0022730073,-0.00011949947,-11.52719,-19.792643,-20.824503,2.908901,-43.083744,-21.566717,-11.417594,-62.96506,-32.982258,0.8527624,-84.502235,-30.298939,-13.860355,-102.44681,-40.0175,-35.262825,-26.03935,-7.227865,-35.409042,-63.21913,-18.504292,-39.16546,-102.01734,-23.62419
0.0010765692,-0.0020696751,-0.00016396122,-12.115609,-19.989141,-20.73034,2.4054317,-43.551815,-21.279367,-12.500199,-63.649376,-32.352352,-0.2400456,-85.416275,-29.196705,-15.680637,-103.506256,-38.40176,-35.727097,-26.032139,-6.6182084,-36.317463,-63.34387,-17.451939,-40.688023,-102.16881,-21.622787
0.0010771176,-0.0020293624,-0.00018982288,-12.369985,-19.989649,-20.664465,2.1209097,-43.627083,-21.228125,-13.000006,-63.727245,-32.183514,-0.7641843,-85.53691,-28.9884,-16.448282,-103.59482,-38.040596,-35.892494,-25.943918,-6.338953,-36.7035,-63.269646,-17.088978,-41.286816,-102.05001,-21.08983
0.0010469833,-0.0019958857,-0.00016975925,-12.265116,-20.11672,-20.72922,2.2835307,-43.814156,-21.144226,-12.788523,-64.04225,-32.070786,-0.5727175,-85.93251,-28.634686,-16.252953,-104.13706,-37.621006,-35.892307,-26.076168,-6.497168,-36.606747,-63.472347,-17.098915,-41.226925,-102.3516,-20.768225
0.0010630476,-0.0020074146,-0.00018260807,-12.354514,-20.050467,-20.68567,2.172277,-43.717384,-21.19251,-12.949002,-63.88571,-32.119663,-0.71020156,-85.73863,-28.81827,-16.418276,-103.87568,-37.81635,-35.908882,-26.009718,-6.368814,-36.68861,-63.36981,-17.046602,-41.30028,-102.202034,-20.872557
0.0010615343,-0.0020084407,-0.00015192869,-12.319673,-20.107668,-20.817223,2.257647,-43.89829,-21.167301,-12.9339075,-64.15162,-32.12793,-0.7498117,-86.14762,-28.509148,-16.5993,-104.339836,-37.476242,-35.98931,-26.03676,-6.6108637,-36.78048,-63.442707,-17.187433,-41.57282,-102.30962,-20.701832
0.00094666483,-0.0018570214,-0.00010928541,-12.303929,-20.372498,-21.176455,2.758519,-44.39713,-21.011902,-12.724706,-65.02661,-32.104088,-0.32078558,-87.3631,-27.595394,-16.68187,-105.92122,-36.42762,-36.201862,-26.402353,-7.0378423,-36.799713,-63.923557,-17.296268,-41.834866,-102.997894,-19.843658
0.00092149165,-0.0018356872,-9.089157e-05,-12.210225,-20.409065,-21.29591,2.9950042,-44.447384,-21.041777,-12.482457,-65.14648,-32.230663,0.011758977,-87.540695,-27.56685,-16.371332,-106.176315,-36.446888,-36.18049,-26.519928,-7.2505083,-36.637306,-64.046265,-17.514654,-41.617214,-103.17351,-19.967878
0.00091056596,-0.0018036077,-9.821415e-05,-12.303855,-20.442024,-21.279232,2.9137466,-44.52099,-21.01543,-12.65076,-65.2595,-32.14089,-0.15654713,-87.69451,-27.418,-16.64464,-106.36121,-36.20443,-36.24909,-26.52906,-7.1484656,-36.771786,-64.07904,-17.349554,-41.842506,-103.220985,-19.649685
0.00089996983,-0.0018057253,-8.63975e-05,-12.2097845,-20.4472,-21.33661,3.0487378,-44.516243,-21.037266,-12.465048,-65.26487,-32.22783,0.05080288,-87.70346,-27.462883,-16.38715,-106.38336,-36.31403,-36.203255,-26.571676,-7.297356,-36.640316,-64.117004,-17.523825,-41.65395,-103.270836,-19.8523
0.0009035559,-0.0017960117,-9.566032e-05,-12.288529,-20.45416,-21.299028,2.933298,-44.547295,-21.010803,-12.633512,-65.294395,-32.14385,-0.150199,-87.74275,-27.381485,-16.646887,-106.41377,-36.173412,-36.25377,-26.536755,-7.189505,-36.773087,-64.0935,-17.3778,-41.86266,-103.23886,-19.647097
0.0008937691,-0.0017647921,-0.00010570542,-12.419031,-20.479723,-21.270498,2.797258,-44.622913,-20.970592,-12.875115,-65.402435,-32.024445,-0.40527374,-87.89108,-27.20483,-17.036745,-106.588295,-35.88664,-36.349903,-26.51633,-7.047022,-36.972004,-64.09685,-17.16107,-42.18182,-103.24797,-19.263502
0.00089388725,-0.0017540824,-0.000113652495,-12.508085,-20.476286,-21.238821,2.6913052,-44.637543,-20.955618,-13.042435,-65.42121,-31.962069,-0.5816825,-87.91983,-27.145788,-17.286854,-106.61758,-35.76569,-36.403164,-26.484304,-6.9366026,-37.098503,-64.07017,-17.02485,-42.372093,-103.21312,-19.07099
0.00089140295,-0.001768136,-0.00010051555,-12.382911,-20.47225,-21.301022,2.8581002,-44.611042,-20.991705,-12.802105,-65.38826,-32.083935,-0.3145197,-87.8813,-27.249817,-16.931604,-106.57294,-35.9672,-36.33143,-26.530228,-7.117345,-36.91699,-64.10248,-17.255424,-42.099735,-103.25248,-19.386745
0.0009018313,-0.0018088922,-8.4667365e-05,-12.19667,-20.446512,-21.3472,3.070889,-44.513824,-21.043348,-12.435533,-65.263596,-32.245564,0.08678978,-87.704414,-27.475374,-16.344225,-106.387375,-36.336998,-36.197342,-26.57913,-7.3213267,-36.619022,-64.12254,-17.554049,-41.621223,-103.279945,-19.887844
0.0008999093,-0.0017907852,-9.51063e-05,-12.306401,-20.452253,-21.309128,2.9337702,-44.553238,-21.014437,-12.65754,-65.307304,-32.152676,-0.16028172,-87.76767,-27.369362,-16.68886,-106.442604,-36.15396,-36.269,-26.538855,-7.1884294,-36.793,-64.09423,-17.3757,-41.895138,-103.23923,-19.623251
0.0009195346,-0.0018351146,-8.9182475e-05,-12.181155,-20.410395,-21.293861,3.0029616,-44.444176,-21.042267,-12.448189,-65.13013,-32.23303,0.02690714,-87.51273,-27.586779,-16.319145,-106.13351,-36.48743,-36.163128,-26.51497,-7.2764115,-36.61372,-64.04192,-17.54535,-41.583176,-103.16576,-20.032211
0.0009349049,-0.0018396082,-0.00010799381,-12.287503,-20.402437,-21.18597,2.7931585,-44.43597,-20.998524,-12.685859,-65.093956,-32.081764,-0.27761108,-87.4442,-27.53354,-16.639904,-106.03527,-36.350243,-36.20096,-26.438005,-7.055919,-36.777874,-63.97486,-17.287064,-41.816856,-103.07303,-19.772564
0.00091870327,-0.0018354299,-8.9415e-05,-12.169851,-20.414225,-21.289276,3.0199387,-44.43872,-21.045853,-12.418735,-65.13002,-32.234367,0.06586712,-87.506775,-27.598415,-16.261969,-106.13557,-36.496983,-36.14806,-26.529211,-7.274177,-36.582253,-64.05703,-17.545877,-41.530773,-103.1856,-20.037514
0.0009295881,-0.0018249259,-0.00010745287,-12.339743,-20.412165,-21.204105,2.7899213,-44.466854,-20.999716,-12.748982,-65.15389,-32.07875,-0.30336505,-87.53966,-27.476925,-16.744627,-106.15936,-36.255787,-36.244003,-26.459005,-7.0308614,-36.82924,-63.999577,-17.244024,-41.898323,-103.11277,-19.643232
0.00092712033,-0.0018388011,-9.789683e-05,-12.227169,-20.4051,-21.242588,2.9205253,-44.43086,-21.026941,-12.538173,-65.10527,-32.17078,-0.07748396,-87.469284,-27.579897,-16.422215,-106.08064,-36.442757,-36.172512,-26.488974,-7.1708126,-36.66628,-64.01756,-17.429165,-41.64575,-103.13252,-19.924732
0.0009988224,-0.0018994027,-0.00014011862,-12.403035,-20.305193,-20.979786,2.4141142,-44.279354,-21.011724,-13.018377,-64.78553,-31.953823,-0.7620464,-87.01039,-27.763952,-17.001905,-105.44307,-36.541153,-36.185074,-26.230808,-6.726473,-36.968197,-63.74024,-17.02009,-42.029877,-102.74026,-19.798985
0.0009631242,-0.0018815368,-0.000112294976,-12.277395,-20.348543,-21.135262,2.7112606,-44.3479,-21.009981,-12.714592,-64.93281,-32.092037,-0.3622194,-87.22638,-27.672842,-16.644258,-105.74239,-36.533485,-36.166977,-26.355305,-7.014583,-36.783802,-63.86784,-17.298279,-41.797493,-102.919685,-19.955671
0.0010159056,-0.0019198778,-0.00014461856,-12.396603,-20.279478,-20.937757,2.355175,-44.230026,-21.019104,-13.036681,-64.6941,-31.94485,-0.82029516,-86.88032,-27.848585,-16.997427,-105.27286,-36.642998,-36.160458,-26.18571,-6.684728,-36.96923,-63.68556,-17.00636,-42.013058,-102.66347,-19.888407
0.0010455608,-0.0019691908,-0.0001468999,-12.329572,-20.211763,-20.869581,2.3072104,-44.087933,-21.068691,-12.957297,-64.44945,-31.997202,-0.79200727,-86.53904,-28.127735,-16.775915,-104.83497,-37.007706,-36.064903,-26.111843,-6.6654696,-36.866238,-63.576958,-17.08852,-41.796467,-102.50678,-20.265804
0.00097379705,-0.0018829467,-0.00012402145,-12.338692,-20.335583,-21.077036,2.5890656,-44.33392,-21.003683,-12.856311,-64.89451,-32.0271,-0.5395184,-87.16955,-27.67744,-16.827805,-105.65581,-36.493267,-36.18574,-26.306587,-6.8956046,-36.876392,-63.820602,-17.171854,-41.92428,-102.85121,-19.848223
0.0010460981,-0.0019759936,-0.0001505376,-12.2878685,-20.2019,-20.852587,2.3169096,-44.05833,-21.078762,-12.909342,-64.393105,-32.007812,-0.7604068,-86.448784,-28.186392,-16.677895,-104.705795,-37.094475,-36.01908,-26.100359,-6.6806803,-36.81139,-63.559696,-17.125154,-41.7059,-102.46239,-20.38285
0.0009938676,-0.0019137867,-0.00012514654,-12.293325,-20.306816,-21.039907,2.5624914,-44.270794,-21.011518,-12.806758,-64.78151,-32.03611,-0.536866,-87.00772,-27.790255,-16.722296,-105.44996,-36.65106,-36.136234,-26.26403,-6.892077,-36.827415,-63.76515,-17.207975,-41.83071,-102.77514,-20.023006
0.0009963542,-0.0018917118,-0.0001420167,-12.417543,-20.315535,-20.977196,2.4047184,-44.297398,-21.006285,-13.043333,-64.815605,-31.934662,-0.7853573,-87.04872,-27.729647,-17.04412,-105.49195,-36.48619,-36.195805,-26.238407,-6.7088585,-36.987843,-63.754597,-16.987574,-42.06559,-102.75961,-19.730125
0.001005559,-0.00191879,-0.00013424516,-12.335895,-20.293415,-20.988464,2.4646049,-44.248062,-21.015114,-12.9066105,-64.73385,-31.992104,-0.6665059,-86.93735,-27.82506,-16.836683,-105.35433,-36.65771,-36.14221,-26.225794,-6.7952747,-36.88697,-63.72626,-17.115755,-41.904556,-102.72133,-19.97178
0.0010545759,-0.0020095098,-0.00017189629,-12.254898,-20.08791,-20.719048,2.271024,-43.765614,-21.15934,-12.783069,-63.958633,-32.104897,-0.5745798,-85.82213,-28.725302,-16.223816,-103.98898,-37.748318,-35.87318,-26.046106,-6.4964933,-36.592377,-63.425392,-17.13625,-41.188244,-102.28136,-20.90357
0.0010487217,-0.0019997873,-0.00017029706,-12.260636,-20.108694,-20.727108,2.2806706,-43.801624,-21.147802,-12.786124,-64.01912,-32.080086,-0.57381207,-85.902176,-28.657822,-16.244888,-104.09444,-37.65535,-35.886616,-26.06672,-6.5002313,-36.602787,-63.458317,-17.1119,-41.2171,-102.32988,-20.808458
0.001043655,-0.001990907,-0.00016676435,-12.266978,-20.123123,-20.74977,2.2964034,-43.838158,-21.14435,-12.795118,-64.07501,-32.07723,-0.57710725,-85.985466,-28.59784,-16.283785,-104.19127,-37.580788,-35.906837,-26.081179,-6.527729,-36.62283,-63.480885,-17.118675,-41.264454,-102.360466,-20.749472
0.0010714043,-0.0020246485,-0.0001831767,-12.320959,-20.024223,-20.675692,2.1764915,-43.664734,-21.204575,-12.902785,-63.797527,-32.155743,-0.6789952,-85.6171,-28.916098,-16.33059,-103.72046,-37.961998,-35.87535,-25.98404,-6.386181,-36.645283,-63.328117,-17.103676,-41.218872,-102.14157,-21.039625
0.001053401,-0.0020002257,-0.00017500098,-12.301174,-20.091978,-20.707367,2.237551,-43.774345,-21.162102,-12.850141,-63.9808,-32.08518,-0.62498766,-85.853905,-28.708546,-16.312155,-104.03671,-37.6964,-35.896957,-26.05248,-6.4375486,-36.635803,-63.43539,-17.068747,-41.249416,-102.29951,-20.799845
0.0010727717,-0.0020246538,-0.00018461201,-12.3316965,-20.020409,-20.668926,2.1654863,-43.656685,-21.208632,-12.917604,-63.787582,-32.156082,-0.689354,-85.603966,-28.931137,-16.343142,-103.70707,-37.97313,-35.877045,-25.982141,-6.366564,-36.65136,-63.324173,-17.089466,-41.22238,-102.13742,-21.034588
0.0010669997,-0.0020180352,-0.00018141502,-12.319925,-20.040833,-20.682516,2.188354,-43.6918,-21.19426,-12.895624,-63.843384,-32.137093,-0.6704169,-85.67647,-28.864487,-16.333885,-103.80027,-37.893806,-35.88265,-26.000801,-6.3939176,-36.646816,-63.354465,-17.08984,-41.231735,-102.180695,-20.97353
0.0010489101,-0.002007077,-0.00016318311,-12.223746,-20.101072,-20.753462,2.3574517,-43.77322,-21.1891,-12.682795,-63.998287,-32.156567,-0.4277385,-85.88164,-28.750132,-16.065548,-104.09092,-37.776627,-35.85628,-26.102657,-6.5561223,-36.511337,-63.485123,-17.206593,-41.064114,-102.37369,-20.943678
0.0010408117,-0.0019771361,-0.00017064343,-12.338273,-20.125446,-20.746212,2.261512,-43.853024,-21.154535,-12.896296,-64.10881,-32.066235,-0.63805825,-86.04053,-28.573841,-16.417757,-104.26219,-37.510548,-35.946503,-26.092222,-6.45867,-36.687885,-63.4934,-17.040932,-41.35536,-102.378555,-20.615738
0.0010410675,-0.0019782844,-0.00016963966,-12.330074,-20.126907,-20.750978,2.2674427,-43.85738,-21.15168,-12.88682,-64.11262,-32.067005,-0.63435537,-86.04579,-28.565254,-16.411648,-104.265236,-37.506687,-35.94532,-26.090965,-6.4736114,-36.685184,-63.492924,-17.053253,-41.3557,-102.37656,-20.625206
0.0010424753,-0.0019794994,-0.00017090555,-12.335121,-20.123453,-20.744373,2.254973,-43.85118,-21.15108,-12.898934,-64.10173,-32.063282,-0.65039855,-86.029594,-28.57339,-16.426037,-104.2447,-37.514687,-35.94548,-26.084202,-6.4608483,-36.692375,-63.48477,-17.042946,-41.363945,-102.365005,-20.625679
0.0010479674,-0.0019990683,-0.00016959156,-12.25453,-20.1135,-20.728064,2.2880232,-43.806835,-21.14483,-12.773466,-64.02892,-32.075794,-0.5621396,-85.91359,-28.647923,-16.228758,-104.11215,-37.643673,-35.884212,-26.07259,-6.5054064,-36.59475,-63.466785,-17.112577,-41.20731,-102.343025,-20.799845
0.0010656271,-0.0020295307,-0.00017529886,-12.24857,-20.038893,-20.712353,2.2469409,-43.692837,-21.18899,-12.794581,-63.828934,-32.16873,-0.59425074,-85.657394,-28.867266,-16.21314,-103.75847,-37.947563,-35.853687,-25.99359,-6.5031815,-36.58791,-63.34424,-17.203798,-41.15604,-102.15858,-21.118956
0.0010352525,-0.0019532612,-0.00013948955,-12.435245,-20.19227,-20.907738,2.3034847,-44.078934,-21.122532,-13.049607,-64.47374,-32.06712,-0.7795034,-86.615,-28.176102,-16.882587,-104.96282,-37.01317,-36.13818,-26.14042,-6.618484,-36.92936,-63.59064,-17.06862,-41.856445,-102.554726,-20.1799
0.0009490143,-0.00183018,-0.00012992392,-12.453418,-20.390982,-21.094141,2.5558877,-44.446083,-20.980486,-13.021054,-65.0898,-31.947222,-0.65065795,-87.438126,-27.466751,-17.107718,-106.001465,-36.160496,-36.279915,-26.363651,-6.8090773,-37.011528,-63.909557,-17.000622,-42.156628,-102.97827,-19.427902
0.00093962403,-0.0017993645,-0.00013945415,-12.554657,-20.41319,-21.075863,2.4624865,-44.504368,-20.963037,-13.199479,-65.17995,-31.86674,-0.825198,-87.56142,-27.345377,-17.386932,-106.152756,-35.946354,-36.35095,-26.3613,-6.6995125,-37.152065,-63.92633,-16.838543,-42.37879,-103.004486,-19.132133
0.000911276,-0.0018202177,-8.234831e-05,-12.168191,-20.435673,-21.342878,3.0728602,-44.49046,-21.053614,-12.403986,-65.21643,-32.266144,0.09781521,-87.639946,-27.534033,-16.289429,-106.29818,-36.427708,-36.175304,-26.56615,-7.3442855,-36.592884,-64.10239,-17.598005,-41.578617,-103.250656,-19.9967
0.00088135176,-0.0017643505,-9.009575e-05,-12.309757,-20.487843,-21.374062,2.9810927,-44.639446,-21.019053,-12.663677,-65.439804,-32.16584,-0.15698797,-87.96189,-27.247942,-16.763319,-106.66867,-36.006783,-36.309658,-26.578333,-7.27549,-36.828114,-64.15268,-17.419413,-41.99201,-103.31396,-19.518782
0.0009298733,-0.0017719443,-0.00014425411,-12.636298,-20.432478,-21.077837,2.3780806,-44.571815,-20.958326,-13.36706,-65.277245,-31.815813,-1.0151533,-87.70759,-27.228596,-17.68186,-106.31764,-35.754417,-36.4212,-26.35143,-6.6427703,-37.298283,-63.937256,-16.735422,-42.634773,-103.022095,-18.893684
0.0008922813,-0.0017687128,-9.9736775e-05,-12.385665,-20.468935,-21.303268,2.8382158,-44.614662,-20.998375,-12.823192,-65.38769,-32.086918,-0.35567027,-87.88671,-27.25286,-16.974972,-106.57296,-35.968998,-36.33873,-26.517439,-7.1255507,-36.94039,-64.09151,-17.263504,-42.143635,-103.24042,-19.392336
0.0008781336,-0.0017435816,-9.906864e-05,-12.436037,-20.488123,-21.33293,2.8253222,-44.674206,-20.992682,-12.909512,-65.47791,-32.07197,-0.42744333,-88.02167,-27.149572,-17.142738,-106.725365,-35.824467,-36.393032,-26.530172,-7.125047,-37.02275,-64.115234,-17.226736,-42.292023,-103.26829,-19.238255
0.0008907297,-0.0017506367,-0.0001118068,-12.498551,-20.47707,-21.251678,2.6867275,-44.650517,-20.957182,-13.050682,-65.42892,-31.971,-0.6147528,-87.93489,-27.135574,-17.325743,-106.62006,-35.76749,-36.40846,-26.473,-6.9691577,-37.117958,-64.06138,-17.054768,-42.419575,-103.19752,-19.097948
0.000916707,-0.0017609639,-0.00013694436,-12.607539,-20.456886,-21.115805,2.4538705,-44.609367,-20.938055,-13.29495,-65.34427,-31.82329,-0.92114145,-87.7949,-27.156012,-17.609854,-106.435905,-35.693348,-36.42366,-26.39015,-6.7077,-37.261013,-63.983376,-16.77792,-42.596825,-103.08581,-18.873095
0.00093980844,-0.0017773764,-0.00015320735,-12.66366,-20.429008,-21.010174,2.2935908,-44.54515,-20.939182,-13.429447,-65.22614,-31.742731,-1.102537,-87.61402,-27.250025,-17.725315,-106.206764,-35.752808,-36.410427,-26.32439,-6.528581,-37.323704,-63.911354,-16.61694,-42.646976,-102.985634,-18.828358
0.0009842487,-0.0018474613,-0.0001551862,-12.55511,-20.350147,-20.932941,2.2571685,-44.37413,-20.98164,-13.294632,-64.927284,-31.807571,-1.0451633,-87.19693,-27.580782,-17.42,-105.67228,-36.211437,-36.28462,-26.235165,-6.5351324,-37.178555,-63.780327,-16.741955,-42.364822,-102.80272,-19.323723
0.0010575393,-0.0019801608,-0.0001536571,-12.391407,-20.167198,-20.804855,2.1943424,-44.004696,-21.125319,-13.055026,-64.32464,-32.0105,-0.8895405,-86.37761,-28.308567,-16.827892,-104.64695,-37.167473,-36.05912,-26.070446,-6.528353,-36.898643,-63.518093,-17.014206,-41.790184,-102.43898,-20.316782
0.0010073069,-0.0018889593,-0.00015223345,-12.532447,-20.287191,-20.904026,2.2439969,-44.25289,-21.04434,-13.236642,-64.7433,-31.893904,-0.97441584,-86.95981,-27.828835,-17.242237,-105.38821,-36.518993,-36.23209,-26.196833,-6.5214076,-37.09864,-63.70613,-16.82441,-42.181477,-102.709854,-19.614857
0.00098271,-0.0018453987,-0.000154443,-12.594701,-20.334595,-20.940685,2.249772,-44.35553,-21.009916,-13.332818,-64.90964,-31.841211,-1.0410701,-87.18895,-27.628752,-17.448372,-105.66841,-36.249344,-36.303852,-26.239132,-6.5110364,-37.195576,-63.773476,-16.738848,-42.3683,-102.79881,-19.325901
0.0010200927,-0.0019105888,-0.00015154618,-12.560144,-20.227882,-20.882381,2.1991162,-44.1526,-21.112707,-13.259285,-64.591446,-31.973211,-0.9697066,-86.77556,-28.048046,-17.190525,-105.16474,-36.767235,-36.217693,-26.159979,-6.473952,-37.08206,-63.636036,-16.862041,-42.093876,-102.62435,-19.811132
0.0010605392,-0.0019903495,-0.0001550331,-12.365768,-20.146433,-20.801422,2.2007053,-43.966747,-21.149035,-13.024673,-64.25818,-32.048317,-0.86424214,-86.28615,-28.391853,-16.75882,-104.517944,-37.283215,-36.028824,-26.053587,-6.5490584,-36.861446,-63.48871,-17.0691,-41.721172,-102.38377,-20.455894
0.0010694456,-0.0020036527,-0.0001587328,-12.348392,-20.128605,-20.77812,2.1721768,-43.933575,-21.152191,-13.024408,-64.19143,-32.048386,-0.89514285,-86.18832,-28.446472,-16.742523,-104.37964,-37.36107,-36.004173,-26.020828,-6.5393867,-36.85242,-63.447693,-17.079977,-41.699715,-102.315315,-20.547125
0.0010393327,-0.0019774267,-0.00015821947,-12.31376,-20.116623,-20.812456,2.2625742,-43.894936,-21.170704,-12.9218025,-64.13346,-32.12174,-0.72464806,-86.10442,-28.536005,-16.546495,-104.27473,-37.512665,-35.978516,-26.04822,-6.600358,-36.757435,-63.44978,-17.180138,-41.513283,-102.30184,-20.731092
0.0010384867,-0.0019760854,-0.0001601668,-12.321684,-20.112991,-20.808285,2.256826,-43.88809,-21.172459,-12.932953,-64.12259,-32.12245,-0.7285555,-86.089195,-28.547094,-16.553099,-104.25477,-37.523216,-35.97919,-26.046019,-6.587092,-36.760555,-63.444637,-17.170885,-41.5109,-102.292725,-20.732414
0.0010402265,-0.001974769,-0.00016302247,-12.355809,-20.102676,-20.80606,2.2177,-43.887897,-21.178228,-13.005566,-64.113464,-32.122498,-0.80346304,-86.08552,-28.548151,-16.662888,-104.23322,-37.514946,-36.001034,-26.024767,-6.562585,-36.81568,-63.41997,-17.148272,-41.59461,-102.25375,-20.709333
0.0010415959,-0.0019768116,-0.0001669759,-12.3577175,-20.098774,-20.78751,2.2092774,-43.86997,-21.177826,-13.003933,-64.08823,-32.11419,-0.79567844,-86.043755,-28.574984,-16.635887,-104.187874,-37.541206,-35.98881,-26.02382,-6.531869,-36.801216,-63.41602,-17.124998,-41.55837,-102.24746,-20.716036
0.0010563841,-0.0019851613,-0.00016423828,-12.425719,-20.103506,-20.79419,2.1331425,-43.924545,-21.171663,-13.154445,-64.16775,-32.080906,-0.9789067,-86.177216,-28.466125,-16.921865,-104.333916,-37.374413,-36.052746,-25.997076,-6.502772,-36.941845,-63.40636,-17.058708,-41.81773,-102.241875,-20.529991
0.0010408671,-0.0019782186,-0.00016500456,-12.342664,-20.101717,-20.791384,2.228116,-43.870777,-21.177708,-12.974467,-64.09187,-32.11906,-0.764407,-86.047035,-28.57513,-16.592731,-104.19505,-37.547405,-35.979774,-26.031477,-6.5485,-36.779102,-63.424664,-17.142298,-41.526665,-102.259445,-20.734285
0.0010407332,-0.0019809937,-0.00015908528,-12.30129,-20.118292,-20.80128,2.2676556,-43.887455,-21.171759,-12.900014,-64.12393,-32.116467,-0.70378715,-86.084564,-28.550901,-16.499908,-104.25461,-37.528873,-35.961853,-26.052748,-6.5938663,-36.732727,-63.455696,-17.17695,-41.47157,-102.308975,-20.745556
0.0010429601,-0.00198054,-0.00016529851,-12.326603,-20.110247,-20.780352,2.2296531,-43.87379,-21.170424,-12.949454,-64.09779,-32.10053,-0.75290185,-86.04604,-28.567556,-16.553705,-104.20198,-37.536285,-35.96679,-26.037207,-6.5448236,-36.759624,-63.436207,-17.131763,-41.499363,-102.27852,-20.723269
0.00104278,-0.0019823697,-0.00016156236,-12.311093,-20.11221,-20.793383,2.2461493,-43.88069,-21.174417,-12.926611,-64.10747,-32.113583,-0.73655087,-86.06266,-28.564032,-16.533539,-104.21981,-37.54118,-35.964172,-26.040018,-6.577932,-36.749763,-63.440746,-17.165138,-41.493813,-102.28536,-20.750183
0.0010427976,-0.001982218,-0.00016073431,-12.306773,-20.115915,-20.794632,2.2515366,-43.88487,-21.172562,-12.917136,-64.11584,-32.110928,-0.7282992,-86.072945,-28.55643,-16.522564,-104.23594,-37.531933,-35.96302,-26.044699,-6.5822434,-36.744354,-63.4475,-17.166153,-41.488068,-102.29643,-20.742935
0.0010431482,-0.0019827525,-0.00015908694,-12.303484,-20.119175,-20.79902,2.2583406,-43.891037,-21.171711,-12.909786,-64.127884,-32.111416,-0.72177297,-86.09043,-28.545654,-16.518747,-104.26022,-37.519333,-35.96417,-26.04918,-6.590904,-36.742252,-63.4543,-17.171259,-41.49012,-102.3079,-20.734766
0.0010484696,-0.0019883728,-0.0001582654,-12.304899,-20.120062,-20.796438,2.2484467,-43.89604,-21.171322,-12.919246,-64.13577,-32.10571,-0.7426246,-86.10328,-28.536303,-16.541502,-104.27633,-37.503548,-35.966488,-26.045061,-6.589082,-36.753105,-63.453823,-17.165617,-41.514603,-102.31036,-20.718447
0.00104266,-0.0019831203,-0.00015750989,-12.295645,-20.121147,-20.804037,2.2709146,-43.89261,-21.17032,-12.891679,-64.13296,-32.115322,-0.7020944,-86.09745,-28.542194,-16.49608,-104.27291,-37.51956,-35.96188,-26.054426,-6.6028953,-36.731117,-63.459885,-17.182718,-41.474968,-102.3176,-20.741848
0.0010614465,-0.0019985388,-0.00015728037,-12.333912,-20.12291,-20.791246,2.2078133,-43.91795,-21.16306,-12.982959,-64.17104,-32.080364,-0.8288794,-86.16091,-28.483969,-16.665884,-104.34746,-37.42072,-35.99275,-26.031792,-6.5650196,-36.814373,-63.45,-17.12261,-41.629223,-102.31433,-20.619846
0.0010432135,-0.0019833404,-0.00015819946,-12.294635,-20.12304,-20.79935,2.267662,-43.892994,-21.16968,-12.891333,-64.133514,-32.109417,-0.70430285,-86.09568,-28.542023,-16.49232,-104.27181,-37.51635,-35.959045,-26.055307,-6.5969715,-36.729023,-63.4623,-17.175282,-41.471344,-102.320915,-20.735188
0.0010415622,-0.0019814402,-0.00015997478,-12.291501,-20.125154,-20.792166,2.2723053,-43.88755,-21.166855,-12.878823,-64.1275,-32.103035,-0.68501097,-86.081566,-28.548717,-16.460814,-104.26012,-37.52262,-35.951485,-26.061422,-6.585594,-36.71313,-63.467762,-17.164595,-41.439056,-102.32804,-20.733652
0.0010414737,-0.0019811592,-0.00016015356,-12.2979,-20.121477,-20.794474,2.2667727,-43.88633,-21.169695,-12.892562,-64.12346,-32.108063,-0.6977752,-86.07924,-28.552275,-16.482409,-104.25236,-37.527145,-35.956318,-26.056335,-6.5852733,-36.724,-63.46085,-17.16671,-41.455517,-102.31688,-20.738136
0.0010432459,-0.0019804572,-0.000164923,-12.317609,-20.119022,-20.776438,2.2409115,-43.879032,-21.165834,-12.926101,-64.11184,-32.08982,-0.7279723,-86.05951,-28.556469,-16.51606,-104.22938,-37.51893,-35.959522,-26.050299,-6.542727,-36.740437,-63.453827,-17.123243,-41.47068,-102.30643,-20.702496
0.0010421909,-0.0019821832,-0.00016080072,-12.297676,-20.119825,-20.791523,2.2633529,-43.882744,-21.171293,-12.894121,-64.116844,-32.108307,-0.7005566,-86.069534,-28.560045,-16.480839,-104.239235,-37.535957,-35.953953,-26.054014,-6.5818233,-36.723145,-63.457832,-17.165697,-41.452282,-102.31191,-20.745375
0.0010420072,-0.001981347,-0.00016105642,-12.305583,-20.117092,-20.793495,2.2557304,-43.8837,-21.172838,-12.911287,-64.11579,-32.11055,-0.71798474,-86.07119,-28.558777,-16.509096,-104.23611,-37.533764,-35.960415,-26.048677,-6.5800133,-36.73742,-63.4514,-17.164347,-41.474964,-102.301544,-20.742426
0.0010418096,-0.0019822042,-0.00015971826,-12.292882,-20.121574,-20.79497,2.2696998,-43.88552,-21.171238,-12.885194,-64.12195,-32.11038,-0.6924873,-86.07675,-28.556423,-16.471409,-104.249176,-37.53373,-35.95297,-26.056757,-6.590419,-36.718445,-63.461525,-17.173199,-41.44775,-102.31775,-20.748388
0.0010414073,-0.001982525,-0.00015836747,-12.284666,-20.124544,-20.798357,2.28133,-43.88767,-21.170835,-12.867145,-64.128075,-32.112705,-0.6733766,-86.08427,-28.553734,-16.446938,-104.262634,-37.53295,-35.94925,-26.063036,-6.60044,-36.70614,-63.469025,-17.182266,-41.43088,-102.32979,-20.752943
0.001042013,-0.0019814414,-0.00016140165,-12.296213,-20.12427,-20.786787,2.267662,-43.883686,-21.167461,-12.884687,-64.122665,-32.09992,-0.68701226,-86.07352,-28.554535,-16.46173,-104.25179,-37.525265,-35.950428,-26.061674,-6.573126,-36.713226,-63.467365,-17.153479,-41.434834,-102.3272,-20.727308
0.0010422816,-0.0019821054,-0.00016133346,-12.294521,-20.123522,-20.786592,2.267853,-43.88229,-21.167492,-12.882607,-64.12002,-32.100792,-0.68620855,-86.06983,-28.556969,-16.458698,-104.24693,-37.529514,-35.949257,-26.06058,-6.5745263,-36.711777,-63.465866,-17.155882,-41.43249,-102.32509,-20.733065
0.0010524805,-0.0019931393,-0.0001556042,-12.298907,-20.12517,-20.799702,2.2555344,-43.904907,-21.16726,-12.90673,-64.15475,-32.101673,-0.7361935,-86.13066,-28.516705,-16.536198,-104.31769,-37.47901,-35.967415,-26.050503,-6.598534,-36.75011,-63.463917,-17.168253,-41.519714,-102.33047,-20.698734
