timestamp,sensor_id,w,x,y,z
12:47:07.411314,2,1.0,-0.0,-0.0,-0.07
12:47:07.411584,1,1.0,0.02,0.0,0.02
12:47:07.411584,2,1.0,-0.0,-0.0,-0.07
12:47:07.412036,1,1.0,0.02,0.0,0.02
12:47:07.412036,2,1.0,-0.0,-0.0,-0.07
12:47:07.412317,1,1.0,0.02,0.0,0.02
12:47:07.412317,2,1.0,-0.0,-0.0,-0.07
12:47:14.404014,1,1.0,0.0,0.0,0.0
12:47:14.404014,2,1.0,0.0,0.0,-0.0
12:47:14.473443,1,1.0,0.0,0.0,-0.0
12:47:14.473443,2,1.0,0.0,0.0,-0.0
12:47:14.543383,1,1.0,0.0,0.0,-0.0
12:47:14.543383,2,1.0,0.0,0.0,-0.0
12:47:14.613238,1,1.0,0.0,0.0,-0.0
12:47:14.613238,2,1.0,0.0,0.0,-0.0
12:47:14.682407,1,1.0,0.0,0.0,-0.0
12:47:14.682407,2,1.0,0.0,0.0,-0.0
12:47:14.752232,1,1.0,0.0,0.0,-0.0
12:47:14.752232,2,1.0,0.0,0.0,-0.0
12:47:14.821649,1,1.0,0.0,0.0,-0.0
12:47:14.821649,2,1.0,0.0,0.0,-0.0
12:47:14.891557,1,1.0,0.0,0.0,-0.0
12:47:14.891557,2,1.0,0.0,0.0,-0.0
12:47:14.961836,1,1.0,0.0,0.0,-0.0
12:47:14.961836,2,1.0,0.0,0.0,-0.0
12:47:15.034461,1,1.0,0.0,0.0,-0.0
12:47:15.034461,2,1.0,0.0,0.0,-0.0
12:47:15.104214,1,1.0,0.0,0.0,-0.0
12:47:15.104214,2,1.0,0.0,0.0,-0.0
12:47:15.173739,1,1.0,0.0,0.0,-0.0
12:47:15.173739,2,1.0,0.0,0.0,-0.0
12:47:15.243402,1,1.0,0.0,0.0,-0.0
12:47:15.243402,2,1.0,0.0,0.0,-0.0
12:47:15.313332,1,1.0,0.0,0.0,-0.0
12:47:15.313332,2,1.0,0.0,0.0,-0.0
12:47:15.382717,1,1.0,0.0,0.0,-0.0
12:47:15.382717,2,1.0,0.0,0.0,-0.0
12:47:15.452705,1,1.0,0.0,0.0,-0.0
12:47:15.452705,2,1.0,0.0,0.0,-0.0
12:47:15.522039,1,1.0,0.0,0.0,-0.0
12:47:15.522039,2,1.0,0.0,0.0,-0.0
12:47:15.591946,1,1.0,0.0,0.0,-0.0
12:47:15.591946,2,1.0,0.0,0.0,-0.0
12:47:15.661959,1,1.0,0.0,0.0,-0.0
12:47:15.661959,2,1.0,0.0,0.0,-0.0
12:47:15.730999,1,1.0,0.0,0.0,-0.0
12:47:15.730999,2,1.0,0.0,0.0,-0.0
12:47:15.801074,1,1.0,0.0,0.0,-0.0
12:47:15.801074,2,1.0,0.0,0.0,-0.0
12:47:15.870436,1,1.0,0.0,0.0,-0.0
12:47:15.870436,2,1.0,0.0,0.0,-0.0
12:47:15.940048,1,1.0,0.0,0.0,-0.0
12:47:15.940048,2,1.0,0.0,0.0,-0.0
12:47:16.013734,1,1.0,0.0,0.0,-0.0
12:47:16.013734,2,1.0,0.0,0.0,-0.0
12:47:16.083071,1,1.0,0.0,0.0,-0.0
12:47:16.083071,2,1.0,0.0,0.0,-0.0
12:47:16.152943,1,1.0,0.0,0.0,-0.0
12:47:16.152943,2,1.0,0.0,0.0,-0.0
12:47:16.222432,1,1.0,0.0,0.0,-0.0
12:47:16.222432,2,1.0,0.0,0.0,-0.0
12:47:16.292156,1,1.0,0.0,0.0,-0.0
12:47:16.292156,2,1.0,0.0,0.0,-0.0
12:47:16.362322,1,1.0,0.0,0.0,-0.0
12:47:16.362322,2,1.0,0.0,0.0,-0.0
12:47:16.431366,1,1.0,0.0,0.0,-0.0
12:47:16.431366,2,1.0,0.0,0.0,-0.0
12:47:16.501485,1,1.0,0.0,0.0,-0.0
12:47:16.501485,2,1.0,0.0,0.0,-0.0
12:47:16.570784,1,1.0,0.0,0.0,-0.0
12:47:16.570784,2,1.0,0.0,0.0,-0.0
12:47:16.640687,1,1.0,0.0,0.0,-0.0
12:47:16.640687,2,1.0,0.0,0.0,-0.0
12:47:16.710900,1,1.0,0.0,0.0,-0.0
12:47:16.710900,2,1.0,0.0,0.0,-0.0
12:47:16.779659,1,1.0,0.0,0.0,-0.0
12:47:16.779659,2,1.0,0.0,0.0,-0.0
12:47:16.849525,1,1.0,0.0,0.0,-0.0
12:47:16.849525,2,1.0,0.0,0.0,-0.0
12:47:16.922786,1,1.0,0.0,0.0,-0.0
12:47:16.922786,2,1.0,0.0,0.0,-0.0
12:47:16.992526,1,1.0,0.0,0.0,-0.0
12:47:16.992526,2,1.0,0.0,0.0,-0.0
12:47:17.062681,1,1.0,0.0,0.0,-0.0
12:47:17.062681,2,1.0,0.0,0.0,-0.0
12:47:17.131734,1,1.0,0.0,0.0,-0.0
12:47:17.131734,2,1.0,0.0,0.0,-0.0
12:47:17.201594,1,1.0,0.0,0.0,-0.0
12:47:17.201594,2,1.0,0.0,0.0,-0.0
12:47:17.271005,1,1.0,0.0,0.0,-0.0
12:47:17.271005,2,1.0,0.0,0.0,-0.0
12:47:17.340769,1,1.0,0.0,0.0,-0.0
12:47:17.340769,2,1.0,0.0,0.0,-0.0
12:47:17.410485,1,1.0,0.0,0.0,-0.0
12:47:17.410485,2,1.0,0.0,0.0,-0.0
12:47:17.480011,1,1.0,0.0,0.0,-0.0
12:47:17.480011,2,1.0,0.0,0.0,-0.0
12:47:17.550055,1,1.0,0.0,0.0,-0.0
12:47:17.550055,2,1.0,0.0,0.0,-0.0
12:47:17.619679,1,1.0,0.0,0.0,-0.0
12:47:17.619679,2,1.0,0.0,0.0,-0.0
12:47:17.688910,1,1.0,0.0,0.0,-0.0
12:47:17.688910,2,1.0,0.0,0.0,-0.0
12:47:17.758820,1,1.0,0.0,0.0,-0.0
12:47:17.758820,2,1.0,0.0,0.0,-0.0
12:47:17.832045,1,1.0,0.0,0.0,-0.0
12:47:17.832045,2,1.0,0.01,-0.0,-0.0
12:47:17.901830,1,1.0,-0.0,-0.0,-0.0
12:47:17.901830,2,1.0,0.02,-0.0,0.0
12:47:17.971367,1,1.0,-0.01,-0.0,-0.0
12:47:17.971367,2,1.0,0.03,-0.0,0.0
12:47:18.041096,1,1.0,-0.01,-0.0,-0.0
12:47:18.041096,2,1.0,0.05,-0.0,0.0
12:47:18.110748,1,1.0,-0.02,-0.01,-0.01
12:47:18.110748,2,1.0,0.06,-0.0,0.0
12:47:18.180354,1,1.0,-0.04,-0.01,-0.01
12:47:18.180354,2,1.0,0.07,-0.0,0.01
12:47:18.250098,1,1.0,-0.05,-0.01,-0.01
12:47:18.250098,2,1.0,0.07,-0.0,0.01
12:47:18.319631,1,1.0,-0.07,-0.01,-0.01
12:47:18.319631,2,1.0,0.07,-0.0,0.01
12:47:18.389356,1,1.0,-0.07,-0.01,-0.01
12:47:18.389356,2,1.0,0.08,-0.0,0.01
12:47:18.459165,1,1.0,-0.07,-0.01,-0.01
12:47:18.459165,2,1.0,0.08,-0.0,0.01
12:47:18.528648,1,1.0,-0.07,-0.01,-0.01
12:47:18.528648,2,1.0,0.09,-0.0,0.01
12:47:18.598417,1,1.0,-0.08,-0.01,-0.01
12:47:18.598417,2,1.0,0.09,-0.0,0.02
12:47:18.667808,1,1.0,-0.09,-0.01,-0.01
12:47:18.667808,2,1.0,0.08,-0.0,0.02
12:47:18.737718,1,1.0,-0.09,-0.01,-0.01
12:47:18.737718,2,1.0,0.07,-0.0,0.02
12:47:18.811045,1,1.0,-0.09,-0.01,-0.01
12:47:18.811045,2,1.0,0.07,0.0,0.02
12:47:18.880728,1,1.0,-0.08,-0.01,-0.01
12:47:18.880728,2,1.0,0.07,0.0,0.02
12:47:18.950323,1,1.0,-0.07,-0.01,-0.02
12:47:18.950323,2,1.0,0.07,0.0,0.02
12:47:19.019984,1,1.0,-0.07,-0.01,-0.01
12:47:19.019984,2,1.0,0.06,0.0,0.02
12:47:19.089662,1,1.0,-0.07,-0.01,-0.01
12:47:19.089662,2,1.0,0.06,0.0,0.02
12:47:19.159563,1,1.0,-0.07,-0.01,-0.01
12:47:19.159563,2,1.0,0.05,0.0,0.03
12:47:19.228917,1,1.0,-0.06,-0.01,-0.01
12:47:19.228917,2,1.0,0.04,0.0,0.03
12:47:19.298981,1,1.0,-0.05,-0.0,-0.01
12:47:19.298981,2,1.0,0.03,0.0,0.03
12:47:19.368229,1,1.0,-0.04,-0.0,-0.01
12:47:19.368229,2,1.0,0.03,0.0,0.03
12:47:19.438025,1,1.0,-0.03,-0.0,-0.01
12:47:19.438025,2,1.0,0.02,0.0,0.03
12:47:19.507792,1,1.0,-0.03,0.0,-0.01
12:47:19.507792,2,1.0,0.01,0.0,0.03
12:47:19.577122,1,1.0,-0.02,0.0,-0.01
12:47:19.577122,2,1.0,-0.0,0.01,0.03
12:47:19.647171,1,1.0,-0.01,0.0,-0.01
12:47:19.647171,2,1.0,-0.01,0.01,0.03
12:47:19.720319,1,1.0,0.01,0.0,-0.01
12:47:19.720319,2,1.0,-0.02,0.01,0.03
12:47:19.789978,1,1.0,0.02,0.01,-0.01
12:47:19.789978,2,1.0,-0.02,0.01,0.03
12:47:19.859780,1,1.0,0.02,0.01,-0.01
12:47:19.859780,2,1.0,-0.03,0.01,0.03
12:47:19.929221,1,1.0,0.03,0.01,-0.01
12:47:19.929221,2,1.0,-0.04,0.01,0.03
12:47:19.999145,1,1.0,0.04,0.01,-0.01
12:47:19.999145,2,1.0,-0.04,0.01,0.03
12:47:20.068706,1,1.0,0.05,0.01,-0.01
12:47:20.068706,2,1.0,-0.05,0.01,0.03
12:47:20.138365,1,1.0,0.06,0.01,-0.01
12:47:20.138365,2,1.0,-0.06,0.01,0.03
12:47:20.208086,1,1.0,0.07,0.01,-0.01
12:47:20.208086,2,1.0,-0.07,0.01,0.03
12:47:20.277616,1,1.0,0.07,0.01,-0.01
12:47:20.277616,2,1.0,-0.07,0.01,0.03
12:47:20.347632,1,1.0,0.08,0.02,-0.01
12:47:20.347632,2,1.0,-0.08,0.01,0.03
12:47:20.416833,1,1.0,0.09,0.02,-0.01
12:47:20.416833,2,1.0,-0.09,0.01,0.03
12:47:20.486553,1,0.99,0.1,0.02,-0.01
12:47:20.486553,2,0.99,-0.1,0.01,0.03
12:47:20.556365,1,0.99,0.11,0.02,-0.01
12:47:20.556365,2,0.99,-0.1,0.01,0.03
12:47:20.629694,1,0.99,0.11,0.02,-0.01
12:47:20.629694,2,0.99,-0.11,0.01,0.03
12:47:20.699388,1,0.99,0.12,0.02,-0.01
12:47:20.699388,2,0.99,-0.11,0.01,0.03
12:47:20.768968,1,0.99,0.12,0.02,-0.01
12:47:20.768968,2,0.99,-0.12,0.01,0.03
12:47:20.838729,1,0.99,0.13,0.02,-0.01
12:47:20.838729,2,0.99,-0.12,0.01,0.03
12:47:20.908503,1,0.99,0.14,0.02,-0.01
12:47:20.908503,2,0.99,-0.13,0.01,0.03
12:47:20.977915,1,0.99,0.14,0.02,-0.01
12:47:20.977915,2,0.99,-0.13,0.01,0.03
12:47:21.047854,1,0.99,0.15,0.02,-0.01
12:47:21.047854,2,0.99,-0.14,0.01,0.03
12:47:21.117320,1,0.99,0.15,0.02,-0.01
12:47:21.117320,2,0.99,-0.14,0.01,0.03
12:47:21.186946,1,0.99,0.15,0.02,-0.0
12:47:21.186946,2,0.99,-0.14,0.01,0.03
12:47:21.256737,1,0.99,0.16,0.02,-0.0
12:47:21.256737,2,0.99,-0.15,0.01,0.03
12:47:21.326185,1,0.99,0.16,0.02,-0.01
12:47:21.326185,2,0.99,-0.15,0.01,0.03
12:47:21.396082,1,0.99,0.17,0.02,-0.0
12:47:21.396082,2,0.99,-0.16,0.01,0.03
12:47:21.465504,1,0.99,0.17,0.02,-0.0
12:47:21.465504,2,0.99,-0.16,0.01,0.03
12:47:21.535071,1,0.99,0.17,0.03,-0.0
12:47:21.535071,2,0.99,-0.16,0.01,0.03
12:47:21.608598,1,0.98,0.17,0.03,-0.0
12:47:21.608598,2,0.99,-0.17,0.01,0.03
12:47:21.678257,1,0.98,0.18,0.03,-0.0
12:47:21.678257,2,0.98,-0.17,0.01,0.03
12:47:21.747925,1,0.98,0.18,0.03,-0.0
12:47:21.747925,2,0.98,-0.17,0.01,0.03
12:47:21.817517,1,0.98,0.18,0.03,-0.0
12:47:21.817517,2,0.98,-0.18,0.01,0.03
12:47:21.887188,1,0.98,0.19,0.03,-0.0
12:47:21.887188,2,0.98,-0.18,0.01,0.03
12:47:21.957074,1,0.98,0.19,0.03,-0.0
12:47:21.957074,2,0.98,-0.18,0.01,0.03
12:47:22.026530,1,0.98,0.19,0.03,-0.0
12:47:22.026530,2,0.98,-0.18,0.01,0.03
12:47:22.096487,1,0.98,0.19,0.03,-0.0
12:47:22.096487,2,0.98,-0.18,0.01,0.03
12:47:22.165917,1,0.98,0.2,0.03,-0.0
12:47:22.165917,2,0.98,-0.19,0.01,0.03
12:47:22.235505,1,0.98,0.2,0.03,-0.0
12:47:22.235505,2,0.98,-0.19,0.01,0.03
12:47:22.305394,1,0.98,0.2,0.03,-0.0
12:47:22.305394,2,0.98,-0.19,0.01,0.03
12:47:22.374840,1,0.98,0.2,0.03,-0.0
12:47:22.374840,2,0.98,-0.19,0.01,0.03
12:47:22.444589,1,0.98,0.2,0.03,-0.0
12:47:22.444589,2,0.98,-0.19,0.01,0.03
12:47:22.517987,1,0.98,0.21,0.03,-0.0
12:47:22.517987,2,0.98,-0.19,0.01,0.03
12:47:22.587512,1,0.98,0.21,0.03,-0.0
12:47:22.587512,2,0.98,-0.2,0.01,0.03
12:47:22.657338,1,0.98,0.21,0.03,-0.0
12:47:22.657338,2,0.98,-0.2,0.01,0.03
12:47:22.726830,1,0.98,0.21,0.03,-0.0
12:47:22.726830,2,0.98,-0.21,0.01,0.03
12:47:22.796730,1,0.97,0.22,0.03,-0.0
12:47:22.796730,2,0.98,-0.22,0.01,0.03
12:47:22.866416,1,0.97,0.25,0.03,-0.0
12:47:22.866416,2,0.97,-0.24,0.02,0.03
12:47:22.935953,1,0.96,0.27,0.04,-0.01
12:47:22.935953,2,0.96,-0.27,0.02,0.03
12:47:23.005774,1,0.95,0.29,0.04,-0.01
12:47:23.005774,2,0.96,-0.29,0.02,0.03
12:47:23.075218,1,0.95,0.31,0.04,-0.01
12:47:23.075218,2,0.95,-0.3,0.02,0.02
12:47:23.144972,1,0.95,0.31,0.04,-0.01
12:47:23.144972,2,0.95,-0.3,0.02,0.02
12:47:23.214466,1,0.95,0.32,0.05,-0.01
12:47:23.214466,2,0.95,-0.31,0.02,0.02
12:47:23.284117,1,0.94,0.34,0.05,-0.01
12:47:23.284117,2,0.95,-0.32,0.02,0.02
12:47:23.353973,1,0.94,0.35,0.05,-0.01
12:47:23.353973,2,0.94,-0.33,0.02,0.02
12:47:23.427142,1,0.93,0.36,0.05,-0.01
12:47:23.427142,2,0.94,-0.34,0.02,0.01
12:47:23.496893,1,0.93,0.36,0.05,-0.01
12:47:23.496893,2,0.94,-0.35,0.02,0.01
12:47:23.566447,1,0.93,0.36,0.05,-0.01
12:47:23.566447,2,0.94,-0.35,0.02,0.01
12:47:23.636130,1,0.93,0.36,0.05,-0.01
12:47:23.636130,2,0.94,-0.34,0.01,0.01
12:47:23.705889,1,0.93,0.37,0.05,-0.01
12:47:23.705889,2,0.94,-0.35,0.01,0.01
12:47:23.775429,1,0.93,0.38,0.05,-0.01
12:47:23.775429,2,0.94,-0.35,0.01,0.01
12:47:23.845260,1,0.92,0.38,0.05,-0.01
12:47:23.845260,2,0.93,-0.36,0.01,0.0
12:47:23.914824,1,0.93,0.37,0.05,-0.01
12:47:23.914824,2,0.93,-0.36,0.01,0.0
12:47:23.984483,1,0.93,0.37,0.05,-0.01
12:47:23.984483,2,0.94,-0.35,0.01,0.0
12:47:24.054257,1,0.93,0.36,0.05,-0.01
12:47:24.054257,2,0.94,-0.34,0.01,-0.0
12:47:24.123709,1,0.93,0.36,0.05,-0.01
12:47:24.123709,2,0.94,-0.34,0.01,-0.0
12:47:24.193562,1,0.93,0.36,0.05,-0.01
12:47:24.193562,2,0.94,-0.34,0.01,-0.0
12:47:24.263146,1,0.93,0.36,0.05,-0.01
12:47:24.263146,2,0.94,-0.34,0.01,-0.01
12:47:24.336491,1,0.94,0.35,0.05,-0.01
12:47:24.336491,2,0.94,-0.33,0.01,-0.01
12:47:24.406146,1,0.94,0.34,0.05,-0.01
12:47:24.406146,2,0.95,-0.32,0.0,-0.01
12:47:24.475796,1,0.94,0.33,0.05,-0.01
12:47:24.475796,2,0.95,-0.31,0.0,-0.01
12:47:24.545514,1,0.95,0.32,0.04,-0.0
12:47:24.545514,2,0.95,-0.3,0.0,-0.01
12:47:24.615126,1,0.95,0.32,0.04,-0.0
12:47:24.615126,2,0.95,-0.3,0.0,-0.01
12:47:24.684860,1,0.95,0.31,0.04,-0.0
12:47:24.684860,2,0.96,-0.3,0.0,-0.01
12:47:24.754647,1,0.95,0.3,0.04,-0.0
12:47:24.754647,2,0.96,-0.29,0.0,-0.01
12:47:24.824177,1,0.96,0.29,0.04,-0.0
12:47:24.824177,2,0.96,-0.28,-0.0,-0.02
12:47:24.894294,1,0.96,0.28,0.04,-0.0
12:47:24.894294,2,0.96,-0.27,-0.0,-0.02
12:47:24.963445,1,0.96,0.27,0.04,-0.0
12:47:24.963445,2,0.97,-0.26,-0.0,-0.02
12:47:25.032989,1,0.96,0.27,0.04,-0.0
12:47:25.032989,2,0.97,-0.25,-0.0,-0.02
12:47:25.103088,1,0.96,0.26,0.04,-0.0
12:47:25.103088,2,0.97,-0.25,-0.0,-0.02
12:47:25.172320,1,0.97,0.25,0.04,-0.0
12:47:25.172320,2,0.97,-0.24,-0.0,-0.02
12:47:25.245835,1,0.97,0.24,0.03,-0.0
12:47:25.245835,2,0.97,-0.24,-0.0,-0.02
12:47:25.315432,1,0.97,0.23,0.03,-0.0
12:47:25.315432,2,0.97,-0.23,-0.0,-0.02
12:47:25.385142,1,0.97,0.22,0.03,-0.0
12:47:25.385142,2,0.98,-0.21,-0.0,-0.02
12:47:25.454834,1,0.98,0.22,0.03,-0.0
12:47:25.454834,2,0.98,-0.21,-0.01,-0.02
12:47:25.524480,1,0.98,0.21,0.03,-0.0
12:47:25.524480,2,0.98,-0.2,-0.0,-0.02
12:47:25.594339,1,0.98,0.2,0.03,-0.0
12:47:25.594339,2,0.98,-0.2,-0.0,-0.02
12:47:25.663843,1,0.98,0.19,0.03,-0.0
12:47:25.663843,2,0.98,-0.19,-0.0,-0.02
12:47:25.733513,1,0.98,0.19,0.03,-0.0
12:47:25.733513,2,0.98,-0.18,-0.0,-0.02
12:47:25.803451,1,0.98,0.18,0.03,-0.0
12:47:25.803451,2,0.98,-0.17,-0.01,-0.02
12:47:25.872798,1,0.99,0.17,0.02,-0.0
12:47:25.872798,2,0.99,-0.16,-0.01,-0.02
12:47:25.942673,1,0.99,0.16,0.02,-0.0
12:47:25.942673,2,0.99,-0.15,-0.01,-0.02
12:47:26.012102,1,0.99,0.15,0.02,-0.0
12:47:26.012102,2,0.99,-0.13,-0.01,-0.02
12:47:26.081718,1,0.99,0.13,0.02,-0.0
12:47:26.081718,2,0.99,-0.11,-0.01,-0.02
12:47:26.151586,1,0.99,0.11,0.01,-0.01
12:47:26.151586,2,1.0,-0.09,-0.01,-0.01
12:47:26.224787,1,1.0,0.09,0.01,-0.01
12:47:26.224787,2,1.0,-0.07,-0.01,-0.01
12:47:26.294452,1,1.0,0.07,0.01,-0.01
12:47:26.294452,2,1.0,-0.06,-0.01,-0.01
12:47:26.364118,1,1.0,0.06,0.01,-0.01
12:47:26.364118,2,1.0,-0.06,-0.01,-0.01
12:47:26.433725,1,1.0,0.05,0.01,-0.01
12:47:26.433725,2,1.0,-0.05,-0.01,-0.01
12:47:26.503490,1,1.0,0.05,0.01,-0.01
12:47:26.503490,2,1.0,-0.04,-0.01,-0.01
12:47:26.573028,1,1.0,0.04,0.0,-0.01
12:47:26.573028,2,1.0,-0.03,-0.01,-0.0
12:47:26.643065,1,1.0,0.02,0.0,-0.01
12:47:26.643065,2,1.0,-0.02,-0.01,-0.0
12:47:26.712615,1,1.0,0.02,0.0,-0.01
12:47:26.712615,2,1.0,-0.02,-0.01,-0.0
12:47:26.782218,1,1.0,0.01,0.0,-0.01
12:47:26.782218,2,1.0,-0.02,-0.0,-0.0
12:47:26.851999,1,1.0,0.02,0.0,-0.01
12:47:26.851999,2,1.0,-0.03,-0.0,0.0
12:47:26.921348,1,1.0,0.02,0.0,-0.01
12:47:26.921348,2,1.0,-0.03,-0.0,0.0
12:47:26.991117,1,1.0,0.02,0.0,-0.01
12:47:26.991117,2,1.0,-0.02,-0.0,0.0
12:47:27.060988,1,1.0,0.01,0.0,-0.01
12:47:27.060988,2,1.0,-0.02,-0.0,0.0
12:47:27.134013,1,1.0,0.01,0.0,-0.01
12:47:27.134013,2,1.0,-0.02,-0.0,0.0
12:47:27.203731,1,1.0,0.02,0.01,-0.01
12:47:27.203731,2,1.0,-0.02,0.0,0.0
12:47:27.273413,1,1.0,0.02,0.01,-0.01
12:47:27.273413,2,1.0,-0.03,0.0,0.0
12:47:27.343200,1,1.0,0.03,0.01,-0.01
12:47:27.343200,2,1.0,-0.04,0.0,0.01
12:47:27.412882,1,1.0,0.03,0.01,-0.01
12:47:27.412882,2,1.0,-0.04,0.0,0.01
12:47:27.482411,1,1.0,0.03,0.01,-0.01
12:47:27.482411,2,1.0,-0.04,0.0,0.01
12:47:27.552276,1,1.0,0.04,0.01,-0.01
12:47:27.552276,2,1.0,-0.04,0.0,0.01
12:47:27.621672,1,1.0,0.05,0.01,-0.01
12:47:27.621672,2,1.0,-0.05,0.01,0.01
12:47:27.691666,1,1.0,0.05,0.01,-0.01
12:47:27.691666,2,1.0,-0.06,0.01,0.01
12:47:27.761284,1,1.0,0.06,0.01,-0.01
12:47:27.761284,2,1.0,-0.07,0.01,0.01
12:47:27.830699,1,1.0,0.07,0.01,-0.01
12:47:27.830699,2,1.0,-0.07,0.01,0.01
12:47:27.900546,1,1.0,0.07,0.01,-0.01
12:47:27.900546,2,1.0,-0.07,0.01,0.01
12:47:27.969906,1,1.0,0.07,0.01,-0.01
12:47:27.969906,2,1.0,-0.07,0.01,0.01
12:47:28.043415,1,1.0,0.08,0.01,-0.01
12:47:28.043415,2,1.0,-0.08,0.01,0.01
12:47:28.113108,1,1.0,0.09,0.02,-0.01
12:47:28.113108,2,1.0,-0.09,0.01,0.01
12:47:28.182758,1,1.0,0.1,0.02,-0.0
12:47:28.182758,2,1.0,-0.1,0.01,0.01
12:47:28.252404,1,0.99,0.1,0.02,-0.0
12:47:28.252404,2,0.99,-0.1,0.01,0.01
12:47:28.321970,1,0.99,0.1,0.02,-0.0
12:47:28.321970,2,0.99,-0.1,0.01,0.01
12:47:28.391767,1,0.99,0.11,0.02,-0.0
12:47:28.391767,2,0.99,-0.1,0.01,0.01
12:47:28.461625,1,0.99,0.12,0.02,-0.0
12:47:28.461625,2,0.99,-0.11,0.01,0.01
12:47:28.530952,1,0.99,0.12,0.02,-0.0
12:47:28.530952,2,0.99,-0.12,0.01,0.01
12:47:28.600805,1,0.99,0.13,0.02,-0.0
12:47:28.600805,2,0.99,-0.13,0.01,0.01
12:47:28.670255,1,0.99,0.13,0.02,-0.0
12:47:28.670255,2,0.99,-0.13,0.01,0.01
12:47:28.740274,1,0.99,0.13,0.02,-0.0
12:47:28.740274,2,0.99,-0.13,0.01,0.01
12:47:28.809909,1,0.99,0.14,0.02,-0.0
12:47:28.809909,2,0.99,-0.13,0.01,0.01
12:47:28.879128,1,0.99,0.15,0.02,-0.0
12:47:28.879128,2,0.99,-0.14,0.01,0.01
12:47:28.949132,1,0.99,0.15,0.02,-0.0
12:47:28.949132,2,0.99,-0.15,0.01,0.01
12:47:29.022370,1,0.99,0.16,0.02,-0.0
12:47:29.022370,2,0.99,-0.15,0.01,0.01
12:47:29.092030,1,0.99,0.16,0.02,-0.0
12:47:29.092030,2,0.99,-0.15,0.01,0.01
12:47:29.161713,1,0.99,0.16,0.02,-0.0
12:47:29.161713,2,0.99,-0.15,0.01,0.01
12:47:29.231294,1,0.99,0.17,0.02,-0.0
12:47:29.231294,2,0.99,-0.16,0.01,0.01
12:47:29.301060,1,0.98,0.17,0.02,-0.0
12:47:29.301060,2,0.99,-0.16,0.01,0.01
12:47:29.370647,1,0.98,0.18,0.03,-0.0
12:47:29.370647,2,0.99,-0.17,0.02,0.01
12:47:29.431895,1,0.98,0.18,0.03,-0.0
12:47:29.431895,2,0.99,-0.17,0.02,0.01
12:47:29.489711,1,0.98,0.18,0.03,-0.0
12:47:29.489711,2,0.98,-0.17,0.02,0.01
12:47:29.550918,1,0.98,0.18,0.03,-0.0
12:47:29.550918,2,0.98,-0.17,0.02,0.01
12:47:29.608800,1,0.98,0.18,0.03,-0.0
12:47:29.608800,2,0.98,-0.17,0.02,0.01
12:47:29.670227,1,0.98,0.19,0.03,-0.0
12:47:29.670227,2,0.98,-0.17,0.02,0.01
12:47:29.730980,1,0.98,0.19,0.03,-0.0
12:47:29.730980,2,0.98,-0.18,0.02,0.01
12:47:29.788906,1,0.98,0.19,0.03,-0.0
12:47:29.788906,2,0.98,-0.18,0.02,0.01
12:47:29.850417,1,0.98,0.19,0.03,-0.0
12:47:29.850417,2,0.98,-0.18,0.02,0.01
12:47:29.911324,1,0.98,0.19,0.03,0.0
12:47:29.911324,2,0.98,-0.18,0.02,0.01
12:47:29.968986,1,0.98,0.2,0.03,0.0
12:47:29.968986,2,0.98,-0.18,0.02,0.01
12:47:30.030220,1,0.98,0.2,0.03,-0.0
12:47:30.030220,2,0.98,-0.18,0.02,0.01
12:47:30.091356,1,0.98,0.2,0.03,-0.0
12:47:30.091356,2,0.98,-0.19,0.02,0.01
12:47:30.149151,1,0.98,0.2,0.03,-0.0
12:47:30.149151,2,0.98,-0.19,0.02,0.01
12:47:30.210353,1,0.98,0.2,0.03,0.0
12:47:30.210353,2,0.98,-0.19,0.02,0.01
12:47:30.267743,1,0.98,0.2,0.03,0.0
12:47:30.267743,2,0.98,-0.19,0.02,0.01
12:47:30.329467,1,0.98,0.21,0.03,0.0
12:47:30.329467,2,0.98,-0.19,0.02,0.01
12:47:30.390500,1,0.98,0.21,0.03,0.0
12:47:30.390500,2,0.98,-0.19,0.02,0.01
12:47:30.447985,1,0.98,0.21,0.03,0.0
12:47:30.447985,2,0.98,-0.19,0.02,0.01
12:47:30.509501,1,0.98,0.21,0.03,-0.0
12:47:30.509501,2,0.98,-0.19,0.02,0.01
12:47:30.570672,1,0.98,0.21,0.03,0.0
12:47:30.570672,2,0.98,-0.2,0.02,0.01
12:47:30.628093,1,0.98,0.21,0.03,0.0
12:47:30.628093,2,0.98,-0.2,0.02,0.01
12:47:30.689613,1,0.98,0.21,0.03,0.0
12:47:30.689613,2,0.98,-0.2,0.02,0.01
12:47:30.750812,1,0.98,0.21,0.03,0.0
12:47:30.750812,2,0.98,-0.2,0.02,0.01
12:47:30.808410,1,0.98,0.22,0.03,0.0
12:47:30.808410,2,0.98,-0.2,0.02,0.01
12:47:30.869934,1,0.98,0.22,0.03,0.0
12:47:30.869934,2,0.98,-0.2,0.02,0.01
12:47:30.927339,1,0.98,0.22,0.03,0.0
12:47:30.927339,2,0.98,-0.2,0.02,0.01
12:47:30.988801,1,0.98,0.22,0.03,0.0
12:47:30.988801,2,0.98,-0.2,0.02,0.01
12:47:31.050116,1,0.98,0.22,0.03,0.0
12:47:31.050116,2,0.98,-0.2,0.02,0.01
12:47:31.107481,1,0.98,0.21,0.03,0.0
12:47:31.107481,2,0.98,-0.21,0.02,0.01
12:47:31.169103,1,0.98,0.21,0.03,0.0
12:47:31.169103,2,0.98,-0.21,0.02,0.01
12:47:31.230239,1,0.98,0.21,0.03,0.0
12:47:31.230239,2,0.98,-0.21,0.02,0.01
12:47:31.287759,1,0.98,0.21,0.03,0.0
12:47:31.287759,2,0.98,-0.21,0.02,0.01
12:47:31.349097,1,0.98,0.21,0.03,0.0
12:47:31.349097,2,0.98,-0.21,0.02,0.01
12:47:31.410286,1,0.98,0.21,0.03,0.0
12:47:31.410286,2,0.98,-0.21,0.02,0.01
12:47:31.467847,1,0.98,0.21,0.03,0.0
12:47:31.467847,2,0.98,-0.21,0.02,0.01
12:47:31.529165,1,0.98,0.21,0.03,0.0
12:47:31.529165,2,0.98,-0.21,0.01,0.01
12:47:31.586712,1,0.98,0.21,0.03,-0.0
12:47:31.586712,2,0.98,-0.21,0.01,0.01
12:47:31.648034,1,0.98,0.21,0.02,0.0
12:47:31.648034,2,0.98,-0.21,0.01,0.01
12:47:31.709348,1,0.98,0.21,0.02,-0.0
12:47:31.709348,2,0.98,-0.21,0.01,0.01
12:47:31.766839,1,0.98,0.21,0.03,-0.0
12:47:31.766839,2,0.98,-0.21,0.01,0.01
12:47:31.828268,1,0.98,0.21,0.02,-0.0
12:47:31.828268,2,0.98,-0.21,0.01,0.01
12:47:31.889543,1,0.98,0.21,0.02,-0.0
12:47:31.889543,2,0.98,-0.21,0.01,0.01
12:47:31.947053,1,0.98,0.21,0.02,-0.0
12:47:31.947053,2,0.98,-0.21,0.01,0.01
12:47:32.008433,1,0.98,0.21,0.02,-0.0
12:47:32.008433,2,0.98,-0.21,0.01,0.01
12:47:32.069891,1,0.98,0.21,0.02,-0.0
12:47:32.069891,2,0.98,-0.21,0.01,0.01
12:47:32.127595,1,0.98,0.21,0.02,-0.0
12:47:32.127595,2,0.98,-0.21,0.01,0.01
12:47:32.188723,1,0.98,0.21,0.02,-0.0
12:47:32.188723,2,0.98,-0.21,0.01,0.01
12:47:32.246059,1,0.98,0.21,0.02,-0.0
12:47:32.246059,2,0.98,-0.21,0.01,0.01
12:47:32.307775,1,0.98,0.21,0.02,-0.0
12:47:32.307775,2,0.98,-0.21,0.01,0.02
12:47:32.368802,1,0.98,0.21,0.02,-0.0
12:47:32.368802,2,0.98,-0.21,0.01,0.02
12:47:32.426476,1,0.98,0.21,0.02,-0.0
12:47:32.426476,2,0.98,-0.21,0.01,0.02
12:47:32.487990,1,0.98,0.21,0.02,-0.0
12:47:32.487990,2,0.98,-0.21,0.01,0.02
12:47:32.549087,1,0.98,0.21,0.02,-0.0
12:47:32.549087,2,0.98,-0.21,0.01,0.02
12:47:32.606863,1,0.98,0.21,0.02,-0.0
12:47:32.606863,2,0.98,-0.21,0.01,0.02
12:47:32.680267,1,0.98,0.21,0.02,-0.01
12:47:32.680267,2,0.98,-0.21,0.01,0.02
12:47:32.745892,1,0.98,0.22,0.02,-0.01
12:47:32.745892,2,0.98,-0.21,0.01,0.02
12:47:32.819799,1,0.98,0.22,0.03,-0.0
12:47:32.819799,2,0.98,-0.21,0.01,0.02
12:47:32.897433,1,0.97,0.23,0.03,-0.0
12:47:32.897433,2,0.97,-0.22,0.02,0.02
12:47:32.970933,1,0.97,0.24,0.04,-0.0
12:47:32.970933,2,0.97,-0.23,0.02,0.02
12:47:33.040625,1,0.97,0.24,0.04,-0.0
12:47:33.040625,2,0.97,-0.24,0.03,0.02
12:47:33.118518,1,0.97,0.24,0.04,-0.0
12:47:33.118518,2,0.97,-0.25,0.03,0.01
12:47:33.188149,1,0.97,0.25,0.04,-0.0
12:47:33.188149,2,0.96,-0.27,0.03,0.01
12:47:33.257808,1,0.96,0.27,0.04,-0.0
12:47:33.257808,2,0.96,-0.29,0.03,0.01
12:47:33.327709,1,0.95,0.29,0.05,-0.0
12:47:33.327709,2,0.95,-0.3,0.03,0.01
12:47:33.397066,1,0.95,0.32,0.05,-0.01
12:47:33.397066,2,0.95,-0.31,0.03,0.01
12:47:33.466682,1,0.94,0.32,0.05,-0.01
12:47:33.466682,2,0.95,-0.32,0.03,0.01
12:47:33.536587,1,0.95,0.32,0.05,-0.0
12:47:33.536587,2,0.95,-0.32,0.03,0.0
12:47:33.605940,1,0.94,0.33,0.05,-0.0
12:47:33.605940,2,0.94,-0.33,0.03,0.0
12:47:33.675811,1,0.94,0.34,0.05,-0.01
12:47:33.675811,2,0.94,-0.34,0.03,0.0
12:47:33.745313,1,0.93,0.36,0.05,-0.01
12:47:33.745313,2,0.94,-0.35,0.03,-0.0
12:47:33.818836,1,0.93,0.38,0.06,-0.01
12:47:33.818836,2,0.93,-0.36,0.03,-0.0
12:47:33.888413,1,0.93,0.37,0.05,-0.01
12:47:33.888413,2,0.93,-0.36,0.02,-0.0
12:47:33.958085,1,0.93,0.37,0.05,-0.01
12:47:33.958085,2,0.93,-0.36,0.02,-0.01
12:47:34.027969,1,0.93,0.37,0.05,-0.01
12:47:34.027969,2,0.93,-0.36,0.02,-0.01
12:47:34.097384,1,0.92,0.39,0.06,-0.01
12:47:34.097384,2,0.93,-0.37,0.02,-0.01
12:47:34.167363,1,0.91,0.4,0.06,-0.01
12:47:34.167363,2,0.93,-0.37,0.02,-0.01
12:47:34.237164,1,0.91,0.4,0.06,-0.01
12:47:34.237164,2,0.93,-0.37,0.02,-0.01
12:47:34.306517,1,0.92,0.4,0.06,-0.01
12:47:34.306517,2,0.93,-0.37,0.02,-0.02
12:47:34.376530,1,0.92,0.39,0.05,-0.01
12:47:34.376530,2,0.93,-0.36,0.02,-0.02
12:47:34.445935,1,0.92,0.39,0.05,-0.01
12:47:34.445935,2,0.93,-0.36,0.02,-0.02
12:47:34.515786,1,0.92,0.39,0.05,-0.01
12:47:34.515786,2,0.93,-0.36,0.02,-0.02
12:47:34.585458,1,0.92,0.39,0.05,-0.01
12:47:34.585458,2,0.93,-0.36,0.01,-0.02
12:47:34.654982,1,0.92,0.39,0.05,-0.01
12:47:34.654982,2,0.94,-0.35,0.01,-0.02
12:47:34.728233,1,0.92,0.38,0.05,-0.01
12:47:34.728233,2,0.94,-0.35,0.01,-0.02
12:47:34.797782,1,0.93,0.37,0.05,-0.01
12:47:34.797782,2,0.94,-0.34,0.01,-0.03
12:47:34.867507,1,0.93,0.36,0.05,-0.01
12:47:34.867507,2,0.94,-0.33,0.01,-0.03
12:47:34.937278,1,0.93,0.36,0.05,-0.01
12:47:34.937278,2,0.95,-0.33,0.01,-0.03
12:47:35.006702,1,0.93,0.36,0.05,-0.01
12:47:35.006702,2,0.95,-0.32,0.01,-0.03
12:47:35.076575,1,0.93,0.35,0.05,-0.01
12:47:35.076575,2,0.95,-0.32,0.01,-0.03
12:47:35.146095,1,0.94,0.34,0.05,-0.01
12:47:35.146095,2,0.95,-0.31,0.0,-0.03
12:47:35.216048,1,0.94,0.33,0.04,-0.0
12:47:35.216048,2,0.95,-0.3,0.0,-0.03
12:47:35.285896,1,0.95,0.31,0.04,-0.0
12:47:35.285896,2,0.96,-0.29,0.0,-0.03
12:47:35.355176,1,0.95,0.31,0.04,-0.0
12:47:35.355176,2,0.96,-0.28,0.0,-0.04
12:47:35.424895,1,0.95,0.31,0.04,-0.0
12:47:35.424895,2,0.96,-0.27,0.0,-0.04
12:47:35.494260,1,0.95,0.3,0.04,-0.0
12:47:35.494260,2,0.96,-0.27,0.0,-0.04
12:47:35.564164,1,0.96,0.29,0.04,-0.0
12:47:35.564164,2,0.96,-0.26,0.0,-0.04
12:47:35.637580,1,0.96,0.28,0.04,-0.0
12:47:35.637580,2,0.97,-0.25,-0.0,-0.04
12:47:35.707000,1,0.96,0.26,0.04,-0.0
12:47:35.707000,2,0.97,-0.24,-0.0,-0.04
12:47:35.776764,1,0.97,0.26,0.04,-0.0
12:47:35.776764,2,0.97,-0.23,-0.0,-0.04
12:47:35.846367,1,0.97,0.25,0.03,-0.0
12:47:35.846367,2,0.97,-0.23,-0.0,-0.04
12:47:35.916132,1,0.97,0.24,0.03,-0.0
12:47:35.916132,2,0.98,-0.22,-0.0,-0.04
12:47:35.985917,1,0.97,0.23,0.03,-0.0
12:47:35.985917,2,0.98,-0.2,-0.0,-0.04
12:47:36.055379,1,0.98,0.21,0.03,-0.0
12:47:36.055379,2,0.98,-0.18,-0.0,-0.04
12:47:36.125278,1,0.98,0.19,0.03,-0.0
12:47:36.125278,2,0.99,-0.15,-0.01,-0.03
12:47:36.194701,1,0.98,0.17,0.02,-0.01
12:47:36.194701,2,0.99,-0.13,-0.01,-0.03
12:47:36.264421,1,0.99,0.16,0.02,-0.01
12:47:36.264421,2,0.99,-0.11,-0.01,-0.03
12:47:36.334150,1,0.99,0.14,0.02,-0.01
12:47:36.334150,2,0.99,-0.1,-0.01,-0.03
12:47:36.403586,1,0.99,0.12,0.01,-0.01
12:47:36.403586,2,1.0,-0.1,-0.01,-0.03
12:47:36.477051,1,0.99,0.1,0.01,-0.01
12:47:36.477051,2,1.0,-0.09,-0.01,-0.02
12:47:36.546747,1,1.0,0.09,0.01,-0.01
12:47:36.546747,2,1.0,-0.08,-0.01,-0.02
12:47:36.616633,1,1.0,0.08,0.01,-0.01
12:47:36.616633,2,1.0,-0.06,-0.01,-0.02
12:47:36.686108,1,1.0,0.07,0.01,-0.01
12:47:36.686108,2,1.0,-0.05,-0.01,-0.02
12:47:36.755751,1,1.0,0.07,0.01,-0.01
12:47:36.755751,2,1.0,-0.05,-0.01,-0.02
12:47:36.825480,1,1.0,0.06,0.01,-0.01
12:47:36.825480,2,1.0,-0.06,-0.01,-0.02
12:47:36.895068,1,1.0,0.05,0.01,-0.01
12:47:36.895068,2,1.0,-0.06,-0.0,-0.02
12:47:36.964781,1,1.0,0.05,0.01,-0.01
12:47:36.964781,2,1.0,-0.05,-0.0,-0.02
12:47:37.034581,1,1.0,0.05,0.01,-0.01
12:47:37.034581,2,1.0,-0.05,-0.0,-0.01
12:47:37.104026,1,1.0,0.05,0.01,-0.01
12:47:37.104026,2,1.0,-0.05,-0.0,-0.01
12:47:37.173862,1,1.0,0.05,0.01,-0.01
12:47:37.173862,2,1.0,-0.05,-0.0,-0.01
12:47:37.243258,1,1.0,0.05,0.01,-0.01
12:47:37.243258,2,1.0,-0.05,-0.0,-0.01
12:47:37.313160,1,1.0,0.05,0.01,-0.01
12:47:37.313160,2,1.0,-0.06,0.0,-0.01
12:47:37.382774,1,1.0,0.05,0.01,-0.01
12:47:37.382774,2,1.0,-0.06,0.0,-0.01
12:47:37.456002,1,1.0,0.06,0.01,-0.01
12:47:37.456002,2,1.0,-0.06,0.0,-0.01
12:47:37.525918,1,1.0,0.06,0.01,-0.01
12:47:37.525918,2,1.0,-0.06,0.0,-0.01
12:47:37.595317,1,1.0,0.06,0.01,-0.01
12:47:37.595317,2,1.0,-0.06,0.0,-0.01
12:47:37.665034,1,1.0,0.07,0.01,-0.01
12:47:37.665034,2,1.0,-0.07,0.01,-0.01
12:47:37.734860,1,1.0,0.07,0.01,-0.01
12:47:37.734860,2,1.0,-0.08,0.01,-0.01
12:47:37.804324,1,1.0,0.08,0.01,-0.01
12:47:37.804324,2,1.0,-0.08,0.01,-0.01
12:47:37.874156,1,1.0,0.08,0.01,-0.01
12:47:37.874156,2,1.0,-0.09,0.01,-0.01
12:47:37.943754,1,1.0,0.09,0.02,-0.01
12:47:37.943754,2,1.0,-0.09,0.01,-0.01
12:47:38.013404,1,1.0,0.09,0.02,-0.01
12:47:38.013404,2,1.0,-0.09,0.01,-0.01
12:47:38.083248,1,0.99,0.1,0.02,-0.0
12:47:38.083248,2,1.0,-0.1,0.01,-0.01
12:47:38.152607,1,0.99,0.1,0.02,-0.0
12:47:38.152607,2,0.99,-0.11,0.01,-0.01
12:47:38.222463,1,0.99,0.11,0.02,-0.0
12:47:38.222463,2,0.99,-0.11,0.01,-0.01
12:47:38.291993,1,0.99,0.11,0.02,-0.0
12:47:38.291993,2,0.99,-0.11,0.01,-0.01
12:47:38.361570,1,0.99,0.12,0.02,-0.0
12:47:38.361570,2,0.99,-0.11,0.01,-0.01
12:47:38.435012,1,0.99,0.12,0.02,-0.0
12:47:38.435012,2,0.99,-0.12,0.01,-0.01
12:47:38.504619,1,0.99,0.13,0.02,-0.0
12:47:38.504619,2,0.99,-0.12,0.01,-0.01
12:47:38.574401,1,0.99,0.13,0.02,-0.0
12:47:38.574401,2,0.99,-0.13,0.02,-0.01
12:47:38.644120,1,0.99,0.14,0.02,-0.0
12:47:38.644120,2,0.99,-0.14,0.02,-0.0
12:47:38.713788,1,0.99,0.14,0.02,-0.0
12:47:38.713788,2,0.99,-0.14,0.02,-0.0
12:47:38.783402,1,0.99,0.15,0.02,-0.0
12:47:38.783402,2,0.99,-0.14,0.02,-0.0
12:47:38.853001,1,0.99,0.15,0.02,-0.0
12:47:38.853001,2,0.99,-0.14,0.02,-0.0
12:47:38.923120,1,0.99,0.15,0.02,-0.0
12:47:38.923120,2,0.99,-0.15,0.02,-0.0
12:47:38.992508,1,0.99,0.16,0.02,-0.0
12:47:38.992508,2,0.99,-0.15,0.02,-0.0
12:47:39.062229,1,0.99,0.16,0.02,-0.0
12:47:39.062229,2,0.99,-0.16,0.02,-0.0
12:47:39.131837,1,0.99,0.17,0.02,-0.0
12:47:39.131837,2,0.99,-0.16,0.02,-0.0
12:47:39.201118,1,0.99,0.17,0.02,-0.0
12:47:39.201118,2,0.99,-0.16,0.02,-0.0
12:47:39.271012,1,0.98,0.17,0.02,-0.0
12:47:39.271012,2,0.99,-0.16,0.02,-0.0
12:47:39.344288,1,0.98,0.17,0.02,-0.0
12:47:39.344288,2,0.99,-0.16,0.02,-0.0
12:47:39.414002,1,0.98,0.18,0.03,-0.0
12:47:39.414002,2,0.99,-0.17,0.02,-0.0
12:47:39.483735,1,0.98,0.18,0.03,-0.0
12:47:39.483735,2,0.99,-0.17,0.02,-0.0
12:47:39.553241,1,0.98,0.18,0.03,-0.0
12:47:39.553241,2,0.98,-0.17,0.02,-0.0
12:47:39.623177,1,0.98,0.19,0.03,-0.0
12:47:39.623177,2,0.98,-0.17,0.02,-0.0
12:47:39.692783,1,0.98,0.19,0.03,-0.0
12:47:39.692783,2,0.98,-0.17,0.02,-0.0
12:47:39.762508,1,0.98,0.19,0.03,-0.0
12:47:39.762508,2,0.98,-0.18,0.02,-0.0
12:47:39.832155,1,0.98,0.19,0.03,-0.0
12:47:39.832155,2,0.98,-0.18,0.02,-0.0
12:47:39.901553,1,0.98,0.2,0.03,-0.0
12:47:39.901553,2,0.98,-0.18,0.02,-0.0
12:47:39.971422,1,0.98,0.2,0.03,-0.0
12:47:39.971422,2,0.98,-0.18,0.02,-0.0
12:47:40.040807,1,0.98,0.2,0.03,-0.0
12:47:40.040807,2,0.98,-0.18,0.02,-0.0
12:47:40.110663,1,0.98,0.2,0.03,-0.0
12:47:40.110663,2,0.98,-0.18,0.02,-0.0
12:47:40.180276,1,0.98,0.2,0.03,-0.0
12:47:40.180276,2,0.98,-0.19,0.02,-0.0
12:47:40.253700,1,0.98,0.21,0.03,-0.0
12:47:40.253700,2,0.98,-0.19,0.02,-0.0
12:47:40.323503,1,0.98,0.21,0.03,-0.0
12:47:40.323503,2,0.98,-0.19,0.02,-0.0
12:47:40.392960,1,0.98,0.21,0.03,-0.0
12:47:40.392960,2,0.98,-0.19,0.02,-0.0
12:47:40.462581,1,0.98,0.21,0.03,0.0
12:47:40.462581,2,0.98,-0.19,0.02,-0.0
12:47:40.532441,1,0.98,0.21,0.03,0.0
12:47:40.532441,2,0.98,-0.19,0.02,-0.0
12:47:40.601894,1,0.98,0.21,0.03,-0.0
12:47:40.601894,2,0.98,-0.2,0.02,-0.0
12:47:40.671828,1,0.98,0.21,0.03,-0.0
12:47:40.671828,2,0.98,-0.2,0.02,-0.0
12:47:40.741263,1,0.98,0.21,0.03,0.0
12:47:40.741263,2,0.98,-0.2,0.02,-0.0
12:47:40.810939,1,0.98,0.21,0.03,0.0
12:47:40.810939,2,0.98,-0.2,0.02,-0.0
12:47:40.880689,1,0.98,0.22,0.03,0.0
12:47:40.880689,2,0.98,-0.2,0.02,-0.0
12:47:40.950134,1,0.98,0.22,0.03,-0.0
12:47:40.950134,2,0.98,-0.2,0.02,-0.0
12:47:41.020125,1,0.98,0.22,0.03,-0.0
12:47:41.020125,2,0.98,-0.2,0.02,-0.0
12:47:41.089617,1,0.98,0.22,0.03,-0.0
12:47:41.089617,2,0.98,-0.2,0.02,-0.0
12:47:41.162884,1,0.98,0.22,0.03,-0.0
12:47:41.162884,2,0.98,-0.2,0.02,-0.0
12:47:41.232651,1,0.98,0.21,0.03,0.0
12:47:41.232651,2,0.98,-0.2,0.02,-0.0
12:47:41.302265,1,1.63,0.0,0.0,1.99
12:47:41.302265,2,0.98,-0.21,0.02,-0.0
12:47:41.372005,1,0.98,0.21,0.03,0.0
12:47:41.372005,2,0.98,-0.21,0.02,-0.0
12:47:41.441738,1,0.98,0.21,0.03,-0.0
12:47:41.441738,2,0.98,-0.21,0.02,-0.0
12:47:41.511213,1,0.98,0.21,0.03,-0.0
12:47:41.511213,2,0.98,-0.21,0.02,-0.0
12:47:41.580875,1,0.98,0.21,0.03,-0.0
12:47:41.580875,2,0.98,-0.21,0.02,-0.01
12:47:41.650543,1,0.98,0.21,0.03,-0.0
12:47:41.650543,2,0.98,-0.21,0.02,-0.01
12:47:41.720146,1,0.98,0.21,0.03,-0.0
12:47:41.720146,2,0.98,-0.21,0.02,-0.01
12:47:41.789810,1,0.98,0.21,0.03,-0.0
12:47:41.789810,2,0.98,-0.21,0.02,-0.01
12:47:41.859514,1,0.98,0.21,0.03,-0.0
12:47:41.859514,2,0.98,-0.21,0.02,-0.01
12:47:41.929182,1,0.98,0.21,0.03,-0.0
12:47:41.929182,2,0.98,-0.21,0.02,-0.01
12:47:41.998761,1,0.98,0.21,0.03,-0.0
12:47:41.998761,2,0.98,-0.21,0.02,-0.01
12:47:42.072283,1,0.98,0.21,0.03,-0.01
12:47:42.072283,2,0.98,-0.21,0.02,-0.01
12:47:42.141840,1,0.98,0.21,0.03,-0.01
12:47:42.141840,2,0.98,-0.21,0.02,-0.0
12:47:42.211573,1,0.98,0.21,0.03,-0.01
12:47:42.211573,2,0.98,-0.21,0.02,-0.0
12:47:42.281441,1,0.98,0.21,0.03,-0.01
12:47:42.281441,2,0.98,-0.21,0.02,-0.0
12:47:42.350985,1,0.98,0.21,0.03,-0.01
12:47:42.350985,2,0.98,-0.21,0.02,-0.0
12:47:42.420904,1,0.98,0.21,0.03,-0.01
12:47:42.420904,2,0.98,-0.21,0.02,-0.0
12:47:42.490319,1,0.98,0.21,0.03,-0.01
12:47:42.490319,2,0.98,-0.21,0.02,-0.0
12:47:42.560015,1,0.98,0.21,0.03,-0.01
12:47:42.560015,2,0.98,-0.21,0.02,-0.0
12:47:42.630057,1,0.98,0.21,0.03,-0.01
12:47:42.630057,2,0.98,-0.21,0.02,-0.0
12:47:42.699233,1,0.98,0.21,0.03,-0.01
12:47:42.699233,2,0.98,-0.21,0.02,-0.0
12:47:42.769260,1,0.98,0.21,0.03,-0.01
12:47:42.769260,2,0.98,-0.21,0.02,-0.0
12:47:42.838468,1,0.98,0.22,0.03,-0.01
12:47:42.838468,2,0.98,-0.21,0.02,-0.0
12:47:42.911996,1,0.97,0.22,0.03,-0.01
12:47:42.911996,2,0.98,-0.22,0.02,-0.0
12:47:42.981668,1,0.97,0.23,0.03,-0.01
12:47:42.981668,2,0.97,-0.23,0.02,-0.0
12:47:43.051172,1,0.97,0.24,0.04,-0.01
12:47:43.051172,2,0.97,-0.23,0.03,-0.0
12:47:43.178624,1,0.97,0.25,0.04,-0.01
12:47:43.178624,1,0.97,0.25,0.04,-0.0
12:47:43.178624,2,0.97,-0.25,0.03,-0.0
12:47:43.248045,1,0.96,0.26,0.04,-0.0
12:47:43.248045,2,0.96,-0.26,0.03,-0.0
12:47:43.321476,1,0.96,0.27,0.04,-0.0
12:47:43.321476,2,0.96,-0.28,0.03,-0.01
12:47:43.391195,1,0.95,0.3,0.04,-0.0
12:47:43.391195,2,0.95,-0.3,0.03,-0.01
12:47:43.460877,1,0.95,0.32,0.05,-0.01
12:47:43.460877,2,0.95,-0.31,0.03,-0.01
12:47:43.530543,1,0.94,0.33,0.05,-0.01
12:47:43.530543,2,0.95,-0.32,0.03,-0.01
12:47:43.600283,1,0.94,0.33,0.05,-0.01
12:47:43.600283,2,0.95,-0.32,0.03,-0.01
12:47:43.670100,1,0.94,0.33,0.05,-0.01
12:47:43.670100,2,0.95,-0.32,0.03,-0.02
12:47:43.739424,1,0.94,0.35,0.05,-0.01
12:47:43.739424,2,0.94,-0.34,0.03,-0.02
12:47:43.809466,1,0.93,0.36,0.05,-0.01
12:47:43.809466,2,0.94,-0.35,0.03,-0.02
12:47:43.878848,1,0.93,0.37,0.05,-0.01
12:47:43.878848,2,0.93,-0.36,0.03,-0.02
12:47:43.948484,1,0.92,0.38,0.05,-0.01
12:47:43.948484,2,0.93,-0.36,0.03,-0.02
12:47:44.018278,1,0.92,0.38,0.05,-0.01
12:47:44.018278,2,0.93,-0.35,0.03,-0.02
12:47:44.087824,1,0.92,0.38,0.05,-0.01
12:47:44.087824,2,0.93,-0.36,0.03,-0.03
12:47:44.157541,1,0.92,0.39,0.05,-0.01
12:47:44.157541,2,0.93,-0.36,0.03,-0.03
12:47:44.230799,1,0.92,0.4,0.05,-0.01
12:47:44.230799,2,0.93,-0.37,0.03,-0.03
12:47:44.300510,1,0.91,0.4,0.05,-0.01
12:47:44.300510,2,0.93,-0.37,0.03,-0.03
12:47:44.370155,1,0.92,0.4,0.05,-0.01
12:47:44.370155,2,0.93,-0.37,0.03,-0.03
12:47:44.439770,1,0.92,0.39,0.05,-0.01
12:47:44.439770,2,0.93,-0.36,0.02,-0.03
12:47:44.509593,1,0.92,0.39,0.05,-0.01
12:47:44.509593,2,0.93,-0.35,0.02,-0.04
12:47:44.579298,1,0.92,0.39,0.05,-0.01
12:47:44.579298,2,0.93,-0.35,0.02,-0.04
12:47:44.648745,1,0.92,0.39,0.05,-0.01
12:47:44.648745,2,0.93,-0.36,0.02,-0.04
12:47:44.718618,1,0.92,0.39,0.05,-0.01
12:47:44.718618,2,0.93,-0.35,0.02,-0.04
12:47:44.788039,1,0.92,0.38,0.05,-0.01
12:47:44.788039,2,0.94,-0.35,0.02,-0.04
12:47:44.858061,1,0.93,0.37,0.05,-0.01
12:47:44.858061,2,0.94,-0.34,0.02,-0.04
12:47:44.927591,1,0.93,0.36,0.05,-0.01
12:47:44.927591,2,0.94,-0.33,0.01,-0.05
12:47:44.997024,1,0.93,0.36,0.05,-0.01
12:47:44.997024,2,0.95,-0.32,0.01,-0.05
12:47:45.066973,1,0.93,0.36,0.05,-0.01
12:47:45.066973,2,0.95,-0.32,0.01,-0.05
12:47:45.140082,1,0.94,0.35,0.05,-0.01
12:47:45.140082,2,0.95,-0.32,0.01,-0.05
12:47:45.209851,1,0.94,0.34,0.05,-0.01
12:47:45.209851,2,0.95,-0.31,0.01,-0.05
12:47:45.279750,1,0.94,0.33,0.04,-0.0
12:47:45.279750,2,0.95,-0.3,0.01,-0.05
12:47:45.349170,1,0.95,0.32,0.04,-0.0
12:47:45.349170,2,0.96,-0.29,0.01,-0.05
12:47:45.419133,1,0.95,0.31,0.04,-0.0
12:47:45.419133,2,0.96,-0.28,0.01,-0.05
12:47:45.488504,1,0.95,0.31,0.04,-0.0
12:47:45.488504,2,0.96,-0.27,0.01,-0.05
12:47:45.558299,1,0.95,0.3,0.04,-0.0
12:47:45.558299,2,0.96,-0.27,0.01,-0.05
12:47:45.628262,1,0.96,0.29,0.04,-0.0
12:47:45.628262,2,0.96,-0.26,0.01,-0.06
12:47:45.697456,1,0.96,0.28,0.04,-0.0
12:47:45.697456,2,0.97,-0.25,0.0,-0.06
12:47:45.767418,1,0.96,0.27,0.04,-0.0
12:47:45.767418,2,0.97,-0.24,0.0,-0.06
12:47:45.836863,1,0.96,0.26,0.04,-0.0
12:47:45.836863,2,0.97,-0.23,0.0,-0.06
12:47:45.906819,1,0.97,0.25,0.03,-0.0
12:47:45.906819,2,0.97,-0.22,0.0,-0.06
12:47:45.976411,1,0.97,0.25,0.03,-0.0
12:47:45.976411,2,0.97,-0.22,0.0,-0.06
12:47:46.049480,1,0.97,0.24,0.03,-0.0
12:47:46.049480,2,0.97,-0.22,0.0,-0.06
12:47:46.119250,1,0.97,0.23,0.03,-0.0
12:47:46.119250,2,0.98,-0.21,0.0,-0.06
12:47:46.188745,1,0.98,0.22,0.03,-0.0
12:47:46.188745,2,0.98,-0.2,0.0,-0.06
12:47:46.258801,1,0.98,0.21,0.03,0.0
12:47:46.258801,2,0.98,-0.19,-0.0,-0.06
12:47:46.328178,1,0.98,0.21,0.03,-0.0
12:47:46.328178,2,0.98,-0.18,-0.0,-0.06
12:47:46.397817,1,0.98,0.2,0.03,-0.0
12:47:46.397817,2,0.98,-0.18,-0.0,-0.06
12:47:46.467571,1,0.98,0.19,0.03,0.0
12:47:46.467571,2,0.98,-0.17,-0.0,-0.06
12:47:46.537067,1,0.98,0.18,0.03,0.0
12:47:46.537067,2,0.98,-0.17,-0.0,-0.06
12:47:46.606754,1,0.98,0.18,0.02,0.0
12:47:46.606754,2,0.99,-0.16,-0.0,-0.06
12:47:46.676607,1,0.99,0.17,0.02,0.0
12:47:46.676607,2,0.99,-0.15,-0.0,-0.06
12:47:46.745956,1,0.99,0.16,0.02,0.0
12:47:46.745956,2,0.99,-0.14,-0.0,-0.06
12:47:46.815799,1,0.99,0.16,0.02,0.0
12:47:46.815799,2,0.99,-0.14,-0.0,-0.06
12:47:46.885246,1,0.99,0.15,0.02,0.0
12:47:46.885246,2,0.99,-0.14,-0.0,-0.06
12:47:46.958755,1,0.99,0.15,0.02,0.0
12:47:46.958755,2,0.99,-0.13,-0.0,-0.06
12:47:47.028443,1,0.99,0.14,0.02,0.0
12:47:47.028443,2,0.99,-0.13,-0.0,-0.06
12:47:47.098139,1,0.99,0.13,0.02,0.0
12:47:47.098139,2,0.99,-0.12,-0.0,-0.06
12:47:47.167833,1,0.99,0.13,0.02,0.0
12:47:47.167833,2,0.99,-0.11,-0.0,-0.06
12:47:47.237367,1,0.99,0.13,0.02,0.0
12:47:47.237367,2,0.99,-0.11,-0.0,-0.06
12:47:47.307356,1,0.99,0.12,0.02,0.0
12:47:47.307356,2,0.99,-0.11,-0.0,-0.06
12:47:47.376909,1,0.99,0.12,0.02,0.0
12:47:47.376909,2,0.99,-0.11,-0.0,-0.06
12:47:47.446425,1,0.99,0.11,0.02,0.0
12:47:47.446425,2,0.99,-0.1,-0.0,-0.06
12:47:47.516366,1,0.99,0.11,0.01,0.0
12:47:47.516366,2,0.99,-0.1,-0.0,-0.07
12:47:47.585995,1,0.99,0.1,0.01,0.0
12:47:47.585995,2,0.99,-0.09,-0.0,-0.07
12:47:47.655468,1,0.99,0.1,0.01,0.0
12:47:47.655468,2,0.99,-0.09,-0.0,-0.07
12:47:47.725165,1,0.99,0.1,0.01,0.0
12:47:47.725165,2,0.99,-0.09,-0.0,-0.07
12:47:47.794574,1,1.0,0.1,0.01,0.0
12:47:47.794574,2,0.99,-0.09,-0.0,-0.07
12:47:47.868086,1,1.0,0.09,0.01,0.0
12:47:47.868086,2,0.99,-0.08,-0.0,-0.07
12:47:47.937716,1,1.0,0.09,0.01,0.0
12:47:47.937716,2,0.99,-0.08,-0.0,-0.07
12:47:48.007431,1,1.0,0.08,0.01,0.0
12:47:48.007431,2,1.0,-0.07,-0.0,-0.07
12:47:48.077192,1,1.0,0.08,0.01,0.0
12:47:48.077192,2,1.0,-0.07,-0.0,-0.07
12:47:48.146855,1,1.0,0.08,0.01,0.0
12:47:48.146855,2,1.0,-0.07,-0.0,-0.07
12:47:48.216526,1,1.0,0.08,0.01,0.0
12:47:48.216526,2,1.0,-0.07,-0.0,-0.07
12:47:48.286148,1,1.0,0.07,0.01,0.0
12:47:48.286148,2,1.0,-0.07,-0.0,-0.07
12:47:48.355894,1,1.0,0.07,0.01,0.0
12:47:48.355894,2,1.0,-0.06,-0.0,-0.07
12:47:48.425392,1,1.0,0.07,0.01,0.0
12:47:48.425392,2,1.0,-0.06,-0.0,-0.07
12:47:48.495115,1,1.0,0.07,0.01,0.0
12:47:48.495115,2,1.0,-0.06,-0.0,-0.07
12:47:48.564970,1,1.0,0.07,0.01,0.0
12:47:48.564970,2,1.0,-0.05,-0.0,-0.07
12:47:48.634375,1,1.0,0.06,0.01,0.0
12:47:48.634375,2,1.0,-0.05,-0.0,-0.07
12:47:48.704097,1,1.0,0.06,0.01,0.0
12:47:48.704097,2,1.0,-0.05,-0.0,-0.07
12:47:48.777471,1,1.0,0.06,0.01,0.0
12:47:48.777471,2,1.0,-0.05,-0.0,-0.07
12:47:48.847058,1,1.0,0.06,0.01,0.0
12:47:48.847058,2,1.0,-0.05,-0.0,-0.07
12:47:48.916973,1,1.0,0.06,0.01,0.0
12:47:48.916973,2,1.0,-0.05,-0.0,-0.07
12:47:48.986422,1,1.0,0.06,0.01,0.0
12:47:48.986422,2,1.0,-0.04,-0.0,-0.07
12:47:49.056131,1,1.0,0.05,0.01,0.0
12:47:49.056131,2,1.0,-0.04,-0.0,-0.07
12:47:49.125794,1,1.0,0.05,0.01,0.0
12:47:49.125794,2,1.0,-0.04,-0.0,-0.07
12:47:49.195345,1,1.0,0.05,0.01,0.0
12:47:49.195345,2,1.0,-0.04,-0.0,-0.07
12:47:49.265256,1,1.0,0.05,0.01,0.0
12:47:49.265256,2,1.0,-0.04,-0.0,-0.07
12:47:49.334734,1,1.0,0.05,0.01,0.0
12:47:49.334734,2,1.0,-0.04,-0.0,-0.07
12:47:49.404558,1,1.0,0.05,0.01,0.0
12:47:49.404558,2,1.0,-0.04,-0.0,-0.07
12:47:49.474244,1,1.0,0.05,0.01,0.0
12:47:49.474244,2,1.0,-0.04,-0.0,-0.07
12:47:49.543586,1,1.0,0.04,0.01,0.0
12:47:49.543586,2,1.0,-0.04,-0.0,-0.07
12:47:49.613410,1,1.0,0.04,0.01,0.0
12:47:49.613410,2,1.0,-0.04,-0.0,-0.07
12:47:49.686688,1,1.0,0.04,0.0,0.0
12:47:49.686688,2,1.0,-0.03,-0.0,-0.07
12:47:49.756371,1,1.0,0.04,0.0,0.0
12:47:49.756371,2,1.0,-0.03,-0.0,-0.07
12:47:49.826060,1,1.0,0.04,0.0,0.0
12:47:49.826060,2,1.0,-0.03,-0.0,-0.07
12:47:49.895613,1,1.0,0.04,0.0,0.0
12:47:49.895613,2,1.0,-0.03,-0.0,-0.07
12:47:49.965406,1,1.0,0.04,0.0,0.0
12:47:49.965406,2,1.0,-0.03,0.0,-0.07
12:47:50.035057,1,1.0,0.04,0.0,0.0
12:47:50.035057,2,1.0,-0.03,0.0,-0.07
12:47:50.104863,1,1.0,0.04,0.0,0.0
12:47:50.104863,2,1.0,-0.03,0.0,-0.07
12:47:50.174452,1,1.0,0.04,0.0,0.0
12:47:50.174452,2,1.0,-0.03,0.0,-0.07
12:47:50.244011,1,1.0,0.04,0.0,0.0
12:47:50.244011,2,1.0,-0.03,0.0,-0.07
12:47:50.313810,1,1.0,0.04,0.0,0.0
12:47:50.313810,2,1.0,-0.03,0.0,-0.07
12:47:50.395381,1,1.0,0.03,0.0,0.0
12:47:50.395381,2,1.0,-0.03,0.0,-0.07
12:47:50.465100,1,1.0,0.03,0.0,0.0
12:47:50.465100,2,1.0,-0.03,0.0,-0.07
12:47:50.523045,1,1.0,0.03,0.0,0.0
12:47:50.523045,2,1.0,-0.03,0.0,-0.07
12:47:50.583970,1,1.0,0.03,0.0,0.0
12:47:50.583970,2,1.0,-0.02,0.0,-0.07
12:47:50.645347,1,1.0,0.03,0.0,0.0
12:47:50.645347,2,1.0,-0.02,0.0,-0.07
12:47:50.703204,1,1.0,0.03,0.0,0.0
12:47:50.703204,2,1.0,-0.02,0.0,-0.07
12:47:50.764074,1,1.0,0.03,0.0,0.0
12:47:50.764074,2,1.0,-0.02,0.0,-0.07
12:47:50.825451,1,1.0,0.03,0.0,0.0
12:47:50.825451,2,1.0,-0.02,0.0,-0.07
12:47:50.883643,1,1.0,0.03,0.0,0.0
12:47:50.883643,2,1.0,-0.02,0.0,-0.07
12:47:50.944402,1,1.0,0.03,0.0,0.0
12:47:50.944402,2,1.0,-0.02,0.0,-0.07
12:47:51.001955,1,1.0,0.03,0.0,0.0
12:47:51.001955,2,1.0,-0.02,0.0,-0.07
12:47:51.063485,1,1.0,0.03,0.0,0.0
12:47:51.063485,2,1.0,-0.02,0.0,-0.07
12:47:51.124602,1,1.0,0.03,0.0,0.0
12:47:51.124602,2,1.0,-0.02,0.0,-0.07
12:47:51.182184,1,1.0,0.03,0.0,0.0
12:47:51.182184,2,1.0,-0.02,0.0,-0.07
12:47:51.243683,1,1.0,0.03,0.0,0.0
12:47:51.243683,2,1.0,-0.02,0.0,-0.07
12:47:51.304826,1,1.0,0.03,0.0,0.0
12:47:51.304826,2,1.0,-0.02,0.0,-0.07
12:47:51.362500,1,1.0,0.03,0.0,0.0
12:47:51.362500,2,1.0,-0.02,0.0,-0.07
12:47:51.423733,1,1.0,0.03,0.0,0.0
12:47:51.423733,2,1.0,-0.02,0.0,-0.07
12:47:51.485163,1,1.0,0.03,0.0,0.0
12:47:51.485163,2,1.0,-0.02,0.0,-0.07
12:47:51.542840,1,1.0,0.03,0.0,0.0
12:47:51.542840,2,1.0,-0.02,0.0,-0.07
12:47:51.603774,1,1.0,0.03,0.0,0.0
12:47:51.603774,2,1.0,-0.02,0.0,-0.07
